student,grp,take_exam,social,gender,pretest,posttest,exam,Fi,CBi,Vi,MApi,PApi,exam_norm,lgain_pp,lgain_pe,total_time,total_activity,qp_activity,total_activity_be
user0089,G151,False,False,,,,-1.0,,,,,,,,,0.0,0.0,0.0,0.0
user0064,G151,True,False,,,0.82,68.0,,,,,,0.68,,,0.0,0.0,0.0,0.0
user0091,G151,True,True,,,,29.0,,,,,,0.29,,,0.0,0.0,0.0,0.0
user0078,G151,True,False,,,1.0,98.0,,,,,,0.98,,,0.0,0.0,0.0,0.0
user0006,G151,True,False,1,0.09,,71.0,0.58,0.05,0.8,0.67,0.56,0.71,,0.6813186813186813,0.0,0.0,0.0,0.0
user0013,G151,False,False,1,0.09,,-1.0,0.33,0.55,0.53,0.67,0.5,,,,0.0,0.0,0.0,0.0
user0069,G151,False,False,1,0.27,,-1.0,0.67,0.5,0.8,0.56,0.61,,,,0.0,0.0,0.0,0.0
user0074,G151,False,False,1,0.18,,-1.0,0.25,0.6,0.6,0.06,0.06,,,,0.0,0.0,0.0,0.0
user0080,G151,False,False,0,0.18,,-1.0,0.33,0.25,0.6,0.39,0.39,,,,0.0,0.0,0.0,0.0
user0038,G151,True,False,1,0.09,0.18,51.0,0.33,0.3,0.53,0.5,0.61,0.51,0.0989010989010989,0.46153846153846156,0.0,0.0,0.0,0.0
user0040,G151,True,False,0,0.27,0.91,96.0,0.42,0.1,0.27,0.44,0.44,0.96,0.8767123287671234,0.9452054794520548,0.0,0.0,0.0,0.0
user0046,G151,True,False,0,0.09,0.82,95.0,0.5,0.45,0.6,0.5,0.44,0.95,0.8021978021978021,0.945054945054945,0.0,0.0,0.0,0.0
user0047,G151,True,False,1,0.09,0.73,69.0,0.5,0.3,0.53,0.33,0.5,0.69,0.7032967032967032,0.6593406593406593,0.0,0.0,0.0,0.0
user0048,G151,True,False,1,0.09,0.09,46.0,0.33,0.35,0.73,0.56,0.5,0.46,0.0,0.4065934065934066,0.0,0.0,0.0,0.0
user0054,G151,True,False,0,0.36,0.27,80.0,0.58,0.6,0.6,0.61,0.61,0.8,-0.14062499999999994,0.6875000000000001,0.0,0.0,0.0,0.0
user0071,G151,True,False,1,0.0,0.27,74.0,0.0,0.25,0.33,0.5,0.5,0.74,0.27,0.74,0.0,0.0,0.0,0.0
user0072,G151,True,False,0,0.18,0.64,72.0,0.25,0.35,0.6,0.61,0.5,0.72,0.5609756097560975,0.6585365853658537,0.0,0.0,0.0,0.0
user0086,G151,True,False,1,0.27,0.91,88.0,0.67,0.65,0.93,0.72,0.33,0.88,0.8767123287671234,0.8356164383561644,0.0,0.0,0.0,0.0
user0028,G151,True,False,1,0.27,,89.0,0.58,0.5,1.0,0.72,0.44,0.89,,0.8493150684931507,0.0,0.0,0.0,0.0
user0057,G151,True,False,1,0.64,0.73,71.0,0.67,0.8,0.8,0.72,0.0,0.71,0.24999999999999992,0.1944444444444443,0.0,0.0,0.0,0.0
user0058,G151,True,False,1,0.18,0.09,34.0,0.58,0.55,0.53,0.72,0.56,0.34,-0.1097560975609756,0.19512195121951223,0.0,0.0,0.0,0.0
user0061,G151,True,False,1,0.09,0.09,89.0,0.33,0.0,0.6,0.56,0.44,0.89,0.0,0.8791208791208791,0.0,0.0,0.0,0.0
user0016,G151,True,False,1,0.18,,60.0,1.0,0.9,0.93,0.89,0.61,0.6,,0.5121951219512194,0.0,0.0,0.0,0.0
user0066,G151,True,False,1,0.18,0.09,57.0,0.58,0.4,0.73,0.78,0.56,0.57,-0.1097560975609756,0.4756097560975609,0.0,0.0,0.0,0.0
user0073,G151,True,False,1,0.09,0.09,85.0,0.58,0.3,0.67,0.78,0.39,0.85,0.0,0.8351648351648352,0.0,0.0,0.0,0.0
user0081,G151,True,False,1,0.18,0.91,91.0,0.5,0.75,0.93,0.83,0.61,0.91,0.8902439024390243,0.8902439024390243,0.0,0.0,0.0,0.0
user0018,G151,True,False,1,0.09,0.27,84.0,0.5,0.35,0.87,0.78,0.56,0.84,0.19780219780219782,0.8241758241758241,0.0,0.0,0.0,0.0
user0031,G151,False,False,1,0.36,,-1.0,0.58,0.25,0.67,0.67,0.67,,,,0.0,0.0,0.0,0.0
user0063,G151,True,False,1,0.27,,80.0,0.42,0.65,0.67,0.67,0.67,0.8,,0.726027397260274,0.0,0.0,0.0,0.0
user0033,G151,True,False,0,0.0,0.09,75.0,0.67,0.4,0.87,0.61,0.78,0.75,0.09,0.75,0.0,0.0,0.0,0.0
user0044,G151,True,False,0,0.09,0.0,54.0,0.58,0.45,0.67,0.67,0.67,0.54,-0.0989010989010989,0.4945054945054946,0.0,0.0,0.0,0.0
user0007,G151,True,False,1,0.09,1.0,81.0,0.58,0.15,0.67,0.67,0.67,0.81,1.0,0.7912087912087913,0.0,0.0,0.0,0.0
user0012,G151,True,False,1,0.18,0.36,33.0,0.42,0.3,0.4,0.67,0.67,0.33,0.2195121951219512,0.1829268292682927,0.0,0.0,0.0,0.0
user0068,G151,True,False,1,0.27,0.82,87.0,0.67,0.6,0.93,0.67,0.67,0.87,0.7534246575342465,0.821917808219178,0.0,0.0,0.0,0.0
user0083,G151,True,False,1,0.09,0.82,89.0,0.5,0.65,0.8,0.61,0.83,0.89,0.8021978021978021,0.8791208791208791,0.0,0.0,0.0,0.0
user0015,G151,True,False,1,0.27,,85.0,0.58,0.85,0.73,0.78,0.83,0.85,,0.7945205479452054,0.0,0.0,0.0,0.0
user0021,G151,True,False,1,0.18,,93.0,0.67,0.65,1.0,0.94,0.83,0.93,,0.9146341463414633,0.0,0.0,0.0,0.0
user0041,G151,True,False,1,0.09,,57.0,0.83,0.9,1.0,0.83,1.0,0.57,,0.5274725274725275,0.0,0.0,0.0,0.0
user0076,G151,True,False,1,0.45,0.82,84.0,0.5,0.75,0.67,0.83,0.67,0.84,0.6727272727272726,0.709090909090909,0.0,0.0,0.0,0.0
user0023,G151,True,False,0,0.36,0.55,87.0,0.67,0.7,0.93,0.78,0.72,0.87,0.2968750000000001,0.796875,0.0,0.0,0.0,0.0
user0039,G151,True,False,1,0.64,0.18,82.0,0.5,0.7,0.73,0.94,1.0,0.82,-1.277777777777778,0.49999999999999983,0.0,0.0,0.0,0.0
user0075,G151,True,False,1,0.55,0.64,78.0,0.75,0.6,1.0,0.94,0.94,0.78,0.19999999999999996,0.5111111111111111,0.0,0.0,0.0,0.0
user0088,G151,True,False,,,0.73,68.0,,,,,,0.68,,,10004.0,1040.0,279.0,201.0
user0005,G151,True,False,1,0.64,1.0,90.0,0.75,0.8,1.0,0.89,0.33,0.9,1.0,0.7222222222222223,35.0,4.0,1.0,4.0
user0025,G151,True,False,1,0.09,,69.0,0.67,0.3,1.0,1.0,0.0,0.69,,0.6593406593406593,1953.0,125.0,26.0,0.0
user0059,G151,True,False,1,0.09,0.36,66.0,0.75,0.6,0.53,0.83,0.0,0.66,0.2967032967032967,0.6263736263736264,5438.0,441.0,83.0,0.0
user0070,G151,True,False,1,0.27,0.91,60.0,0.5,0.7,0.93,1.0,0.56,0.6,0.8767123287671234,0.4520547945205479,26628.0,997.0,84.0,0.0
user0004,G151,True,False,1,0.0,0.73,90.0,0.42,0.4,0.47,0.44,0.67,0.9,0.73,0.9,837.0,35.0,11.0,13.0
user0051,G151,True,False,1,0.09,0.64,91.0,0.58,0.25,0.6,0.72,0.94,0.91,0.6043956043956045,0.9010989010989011,415.0,11.0,11.0,0.0
user0060,G151,True,False,1,0.18,0.91,95.0,0.5,0.6,0.67,0.56,0.67,0.95,0.8902439024390243,0.9390243902439024,123.0,5.0,4.0,0.0
user0067,G151,True,False,1,0.45,0.45,95.0,0.58,0.55,0.93,0.72,0.83,0.95,0.0,0.909090909090909,1392.0,176.0,28.0,0.0
user0056,G151,True,False,0,0.0,0.73,77.0,0.58,0.55,0.47,0.72,0.78,0.77,0.73,0.77,2469.0,116.0,59.0,87.0
user0079,G151,True,False,1,0.18,0.64,88.0,0.33,0.3,0.33,0.67,0.67,0.88,0.5609756097560975,0.8536585365853657,1541.0,294.0,34.0,0.0
user0082,G151,True,False,1,0.27,0.64,53.0,0.5,0.65,0.47,0.67,0.67,0.53,0.5068493150684932,0.35616438356164387,405.0,6.0,6.0,0.0
user0027,G151,True,False,1,0.27,0.64,94.0,0.58,0.65,0.67,0.78,0.67,0.94,0.5068493150684932,0.9178082191780821,203.0,81.0,3.0,0.0
user0077,G151,True,False,1,0.09,0.64,70.0,0.25,0.45,0.6,0.78,0.89,0.7,0.6043956043956045,0.6703296703296703,8243.0,83.0,83.0,0.0
user0024,G151,,True,1,,,,1.0,0.65,0.87,1.0,0.67,,,,1706.0,185.0,24.0,0.0
user0003,G151,False,False,1,0.27,,-1.0,0.5,0.4,0.87,0.33,0.0,,,,37.0,1.0,1.0,1.0
user0032,G151,True,False,1,0.09,,65.0,0.5,0.15,0.8,0.67,0.44,0.65,,0.6153846153846154,614.0,108.0,23.0,108.0
user0055,G151,True,False,1,0.18,,66.0,0.5,0.45,0.33,0.56,0.61,0.66,,0.5853658536585366,987.0,124.0,33.0,124.0
user0065,G151,True,False,1,0.09,,76.0,0.5,0.45,0.67,0.5,0.61,0.76,,0.7362637362637363,1225.0,238.0,35.0,197.0
user0085,G151,False,False,1,0.45,,-1.0,0.42,0.6,0.67,0.67,0.44,,,,31.0,2.0,2.0,2.0
user0017,G151,True,False,0,0.09,0.73,91.0,0.33,0.35,0.6,0.56,0.17,0.91,0.7032967032967032,0.9010989010989011,1710.0,137.0,27.0,137.0
user0042,G151,True,False,1,0.09,1.0,87.0,0.25,0.45,0.53,0.56,0.17,0.87,1.0,0.8571428571428571,8207.0,892.0,132.0,353.0
user0050,G151,True,False,1,0.09,0.27,81.0,0.33,0.45,0.47,0.44,0.56,0.81,0.19780219780219782,0.7912087912087913,4427.0,850.0,82.0,1.0
user0011,G151,True,False,1,0.27,0.82,87.0,0.58,0.45,0.67,0.61,0.22,0.87,0.7534246575342465,0.821917808219178,3201.0,263.0,27.0,263.0
user0020,G151,True,False,1,0.27,0.91,93.0,0.58,0.6,0.73,0.67,0.33,0.93,0.8767123287671234,0.904109589041096,8149.0,747.0,129.0,747.0
user0022,G151,True,False,1,0.27,0.55,52.0,0.33,0.2,0.93,0.5,0.0,0.52,0.3835616438356165,0.3424657534246575,16882.0,559.0,160.0,27.0
user0030,G151,True,False,1,0.09,0.82,70.0,0.42,0.5,0.73,0.5,0.39,0.7,0.8021978021978021,0.6703296703296703,843.0,154.0,20.0,154.0
user0035,G151,True,False,0,0.36,0.36,58.0,0.33,0.55,0.6,0.5,0.5,0.58,0.0,0.34374999999999994,123.0,10.0,2.0,10.0
user0084,G151,True,False,0,0.0,,81.0,0.75,0.35,0.93,0.94,0.5,0.81,,0.81,2020.0,265.0,51.0,265.0
user0008,G151,True,False,1,0.45,0.64,100.0,0.67,0.7,0.67,0.89,0.33,1.0,0.3454545454545454,1.0,12859.0,830.0,106.0,334.0
user0009,G151,True,False,1,0.09,,88.0,0.58,0.65,0.8,0.78,0.0,0.88,,0.8681318681318682,3874.0,731.0,99.0,93.0
user0053,G151,True,False,1,0.18,0.91,90.0,0.5,0.55,0.73,0.83,0.5,0.9,0.8902439024390243,0.8780487804878048,1777.0,281.0,35.0,3.0
user0019,G151,False,False,0,0.55,,-1.0,0.67,0.6,0.67,0.72,0.67,,,,622.0,50.0,9.0,50.0
user0026,G151,True,False,1,0.09,0.55,91.0,0.83,0.5,0.67,0.67,0.67,0.91,0.5054945054945056,0.9010989010989011,2808.0,53.0,50.0,1.0
user0062,G151,True,False,1,0.45,0.64,94.0,0.33,0.65,0.8,0.72,0.83,0.94,0.3454545454545454,0.8909090909090908,559.0,88.0,13.0,88.0
user0045,G151,,True,1,,,,0.83,0.55,0.73,0.72,0.72,,,,8836.0,1060.0,331.0,268.0
user0010,G151,True,False,1,0.18,,85.0,0.83,0.85,0.67,0.83,0.89,0.85,,0.8170731707317072,1793.0,110.0,23.0,110.0
user0049,G151,True,False,1,0.36,0.91,80.0,0.75,0.65,1.0,0.78,0.67,0.8,0.859375,0.6875000000000001,4238.0,489.0,76.0,304.0
user0029,G151,True,False,1,0.27,0.91,99.0,0.67,0.45,1.0,0.89,0.94,0.99,0.8767123287671234,0.9863013698630136,5037.0,381.0,33.0,266.0
user0034,G151,True,False,1,0.18,0.82,100.0,0.5,0.6,0.6,0.89,0.83,1.0,0.7804878048780486,1.0,2460.0,94.0,74.0,5.0
user0036,G151,True,False,1,0.18,0.91,100.0,0.92,0.75,0.73,0.89,0.67,1.0,0.8902439024390243,1.0,5206.0,322.0,72.0,322.0
user0037,G151,True,False,1,0.0,0.82,97.0,0.58,0.5,0.8,0.83,0.83,0.97,0.82,0.97,1302.0,113.0,26.0,13.0
user0052,G151,True,False,1,0.91,0.91,95.0,0.92,0.9,0.93,0.83,0.83,0.95,0.0,0.44444444444444375,349.0,82.0,7.0,82.0
user0168,G152,False,False,,0.0,,-1.0,,,,,,,,,0.0,0.0,0.0,0.0
user0180,G152,False,False,,0.64,,-1.0,,,,,,,,,0.0,0.0,0.0,0.0
user0186,G152,False,False,,,,-1.0,,,,,,,,,0.0,0.0,0.0,0.0
user0212,G152,False,False,,,,-1.0,,,,,,,,,0.0,0.0,0.0,0.0
user0214,G152,False,False,,,,-1.0,,,,,,,,,0.0,0.0,0.0,0.0
user0216,G152,,True,,,,,,,,,,,,,0.0,0.0,0.0,0.0
user0213,G152,True,False,,,0.55,84.0,,,,,,0.84,,,0.0,0.0,0.0,0.0
user0134,G152,True,False,1,0.09,,89.0,0.5,0.5,0.67,0.5,0.5,0.89,,0.8791208791208791,0.0,0.0,0.0,0.0
user0139,G152,False,False,1,0.09,,-1.0,0.5,0.15,0.6,0.67,0.56,,,,0.0,0.0,0.0,0.0
user0140,G152,False,False,1,0.36,,-1.0,0.67,0.9,0.73,0.61,0.0,,,,0.0,0.0,0.0,0.0
user0161,G152,True,False,1,0.45,,53.0,0.67,0.65,0.67,0.72,0.61,0.53,,0.14545454545454548,0.0,0.0,0.0,0.0
user0182,G152,True,False,1,0.45,0.82,83.0,0.42,0.65,0.53,0.44,0.06,0.83,0.6727272727272726,0.6909090909090908,0.0,0.0,0.0,0.0
user0190,G152,True,False,1,0.18,,45.0,0.33,0.5,0.53,0.17,0.11,0.45,,0.32926829268292684,0.0,0.0,0.0,0.0
user0196,G152,True,False,1,0.09,,63.0,0.5,0.65,0.6,0.44,0.44,0.63,,0.5934065934065934,0.0,0.0,0.0,0.0
user0207,G152,False,False,1,0.0,,-1.0,0.83,0.45,0.87,0.67,0.28,,,,0.0,0.0,0.0,0.0
user0211,G152,False,False,1,0.18,,-1.0,0.5,0.45,0.67,0.44,0.44,,,,0.0,0.0,0.0,0.0
user0137,G152,True,False,1,0.27,0.45,96.0,0.42,0.5,0.6,0.61,0.44,0.96,0.2465753424657534,0.9452054794520548,128.0,15.0,0.0,15.0
user0159,G152,True,False,1,0.27,1.0,100.0,0.33,0.8,0.47,0.44,0.22,1.0,1.0,1.0,0.0,0.0,0.0,0.0
user0202,G152,True,False,1,0.18,0.55,63.0,0.5,0.55,0.73,0.61,0.61,0.63,0.45121951219512196,0.548780487804878,0.0,0.0,0.0,0.0
user0157,G152,True,False,1,0.45,0.64,89.0,0.67,0.5,0.67,0.72,0.61,0.89,0.3454545454545454,0.7999999999999999,0.0,0.0,0.0,0.0
user0185,G152,True,False,1,0.09,0.64,56.0,0.33,0.25,0.33,0.17,0.17,0.56,0.6043956043956045,0.5164835164835165,543.0,220.0,0.0,0.0
user0194,G152,True,False,1,0.18,0.55,85.0,0.5,0.3,0.4,0.61,0.22,0.85,0.45121951219512196,0.8170731707317072,0.0,0.0,0.0,0.0
user0201,G152,True,False,1,0.18,0.64,77.0,0.67,0.35,0.8,0.72,0.44,0.77,0.5609756097560975,0.7195121951219513,0.0,0.0,0.0,0.0
user0144,G152,True,False,1,0.27,,62.0,0.58,0.6,0.93,0.94,0.61,0.62,,0.4794520547945205,0.0,0.0,0.0,0.0
user0148,G152,False,False,0,0.36,,-1.0,0.58,0.6,0.93,0.89,0.0,,,,0.0,0.0,0.0,0.0
user0198,G152,False,False,1,0.09,,-1.0,0.58,0.0,0.8,0.89,0.56,,,,0.0,0.0,0.0,0.0
user0172,G152,True,False,1,0.27,0.73,95.0,0.58,0.65,0.73,0.78,0.5,0.95,0.6301369863013698,0.9315068493150684,0.0,0.0,0.0,0.0
user0208,G152,True,False,1,0.09,0.64,62.0,0.67,0.15,0.93,0.94,0.0,0.62,0.6043956043956045,0.5824175824175825,0.0,0.0,0.0,0.0
user0143,G152,True,False,1,0.82,,91.0,0.5,0.7,0.67,0.44,0.67,0.91,,0.5000000000000003,0.0,0.0,0.0,0.0
user0184,G152,False,False,1,0.73,,-1.0,0.83,1.0,0.93,0.5,0.67,,,,0.0,0.0,0.0,0.0
user0187,G152,True,False,1,0.09,,22.0,0.58,0.4,0.67,0.67,0.72,0.22,,0.14285714285714285,0.0,0.0,0.0,0.0
user0175,G152,True,False,0,0.18,0.45,80.0,0.42,0.5,0.53,0.61,0.72,0.8,0.32926829268292684,0.7560975609756099,0.0,0.0,0.0,0.0
user0200,G152,True,False,1,0.09,0.18,49.0,0.58,0.25,0.6,0.67,0.67,0.49,0.0989010989010989,0.43956043956043955,0.0,0.0,0.0,0.0
user0174,G152,True,False,1,0.09,0.73,69.0,0.67,0.5,0.6,0.56,0.67,0.69,0.7032967032967032,0.6593406593406593,0.0,0.0,0.0,0.0
user0177,G152,False,False,1,0.0,0.09,-1.0,0.33,0.4,0.6,0.67,0.67,,0.09,,0.0,0.0,0.0,0.0
user0192,G152,True,False,1,0.09,0.55,70.0,0.67,0.75,0.73,0.72,0.67,0.7,0.5054945054945056,0.6703296703296703,67.0,6.0,0.0,0.0
user0147,G152,False,False,1,0.64,,-1.0,0.83,0.6,0.8,0.89,0.67,,,,0.0,0.0,0.0,0.0
user0162,G152,True,False,1,0.0,,84.0,0.5,0.65,0.67,0.89,0.94,0.84,,0.84,0.0,0.0,0.0,0.0
user0209,G152,False,False,1,0.55,,-1.0,0.67,0.75,0.8,1.0,1.0,,,,0.0,0.0,0.0,0.0
user0133,G152,True,False,1,0.27,0.82,72.0,0.75,0.8,0.8,0.78,0.67,0.72,0.7534246575342465,0.6164383561643835,0.0,0.0,0.0,0.0
user0129,G152,True,False,1,0.09,0.55,84.0,0.58,0.65,0.8,0.78,0.78,0.84,0.5054945054945056,0.8241758241758241,0.0,0.0,0.0,0.0
user0155,G152,False,False,0,0.09,0.18,-1.0,0.83,0.25,0.93,1.0,0.67,,0.0989010989010989,,0.0,0.0,0.0,0.0
user0204,G152,True,False,1,0.0,0.36,71.0,0.58,0.55,0.67,0.83,0.83,0.71,0.36,0.71,0.0,0.0,0.0,0.0
user0136,G152,True,False,1,0.09,0.55,84.0,0.67,0.3,0.67,0.44,0.5,0.84,0.5054945054945056,0.8241758241758241,232.0,9.0,6.0,9.0
user0146,G152,True,False,1,0.09,0.55,80.0,0.5,0.45,0.67,0.67,0.5,0.8,0.5054945054945056,0.7802197802197802,65.0,2.0,2.0,0.0
user0156,G152,True,False,1,0.09,0.27,69.0,0.5,0.25,0.6,0.61,0.5,0.69,0.19780219780219782,0.6593406593406593,1336.0,141.0,40.0,0.0
user0179,G152,True,False,1,0.09,0.45,84.0,0.58,0.45,0.87,0.5,0.39,0.84,0.3956043956043956,0.8241758241758241,770.0,100.0,15.0,0.0
user0205,G152,True,False,1,0.18,0.82,85.0,0.58,0.45,0.67,0.56,0.44,0.85,0.7804878048780486,0.8170731707317072,2858.0,59.0,47.0,0.0
user0135,G152,True,False,1,0.09,0.91,89.0,0.58,0.35,0.67,0.56,0.5,0.89,0.9010989010989011,0.8791208791208791,2358.0,97.0,44.0,0.0
user0158,G152,True,False,1,0.18,0.73,77.0,0.33,0.4,0.53,0.67,0.56,0.77,0.6707317073170732,0.7195121951219513,354.0,25.0,9.0,0.0
user0178,G152,True,False,0,0.09,0.18,73.0,0.58,0.5,0.67,0.67,0.5,0.73,0.0989010989010989,0.7032967032967032,4799.0,214.0,76.0,0.0
user0130,G152,True,False,1,0.18,0.91,89.0,0.58,0.7,0.93,1.0,0.5,0.89,0.8902439024390243,0.8658536585365852,471.0,56.0,20.0,0.0
user0171,G152,True,False,0,0.18,0.73,97.0,0.67,0.8,0.8,0.78,0.5,0.97,0.6707317073170732,0.9634146341463414,4259.0,270.0,47.0,112.0
user0193,G152,True,False,0,0.0,0.45,75.0,0.58,0.5,0.93,0.78,0.5,0.75,0.45,0.75,2114.0,45.0,37.0,0.0
user0132,G152,True,False,1,0.18,0.91,100.0,0.67,0.5,0.8,0.83,0.61,1.0,0.8902439024390243,1.0,1180.0,46.0,27.0,0.0
user0197,G152,True,False,1,1.0,0.82,80.0,0.92,0.7,1.0,0.89,0.61,0.8,1.0,1.0,478.0,62.0,17.0,0.0
user0163,G152,True,False,1,0.09,,98.0,0.67,0.7,1.0,0.72,0.72,0.98,,0.978021978021978,1341.0,119.0,16.0,0.0
user0154,G152,True,False,1,0.36,0.73,63.0,0.58,0.65,0.6,0.72,0.72,0.63,0.578125,0.421875,10758.0,513.0,188.0,0.0
user0150,G152,True,False,1,0.55,0.91,88.0,0.58,0.8,0.67,0.72,0.83,0.88,0.8,0.7333333333333333,149.0,3.0,3.0,0.0
user0153,G152,True,False,1,0.27,0.64,87.0,0.42,0.4,0.6,0.72,0.67,0.87,0.5068493150684932,0.821917808219178,2560.0,179.0,41.0,128.0
user0189,G152,True,False,1,0.27,1.0,92.0,0.67,0.75,0.73,0.72,0.67,0.92,1.0,0.8904109589041096,1320.0,260.0,19.0,0.0
user0166,G152,True,False,1,0.09,,87.0,0.83,0.35,0.93,0.83,0.83,0.87,,0.8571428571428571,5991.0,235.0,78.0,0.0
user0181,G152,True,False,1,0.55,,93.0,0.58,0.6,0.67,0.78,0.67,0.93,,0.8444444444444446,711.0,197.0,16.0,17.0
user0183,G152,True,False,1,0.18,,91.0,0.5,0.4,0.53,0.78,0.67,0.91,,0.8902439024390243,727.0,89.0,8.0,89.0
user0188,G152,True,False,0,0.09,,48.0,0.58,0.65,0.67,0.78,0.72,0.48,,0.42857142857142855,56.0,3.0,3.0,0.0
user0142,G152,True,False,1,0.09,0.09,94.0,0.5,0.7,0.6,0.83,0.83,0.94,0.0,0.934065934065934,63.0,4.0,4.0,0.0
user0191,G152,True,False,0,0.09,0.55,48.0,0.08,0.05,0.73,0.78,0.89,0.48,0.5054945054945056,0.42857142857142855,396.0,25.0,25.0,0.0
user0131,G152,True,False,1,0.18,0.64,92.0,0.5,0.4,0.67,0.61,0.61,0.92,0.5609756097560975,0.9024390243902438,2616.0,236.0,31.0,103.0
user0165,G152,True,False,1,0.0,0.0,83.0,0.5,0.5,0.33,0.56,0.5,0.83,0.0,0.83,438.0,5.0,3.0,5.0
user0138,G152,True,False,1,0.09,0.91,88.0,0.58,0.75,0.73,0.89,0.0,0.88,0.9010989010989011,0.8681318681318682,4687.0,351.0,81.0,351.0
user0149,G152,True,False,0,0.18,0.55,69.0,0.92,0.5,0.93,0.83,0.28,0.69,0.45121951219512196,0.6219512195121951,3637.0,180.0,84.0,180.0
user0151,G152,True,False,0,0.09,0.45,72.0,0.42,0.4,0.33,0.78,0.61,0.72,0.3956043956043956,0.6923076923076923,4633.0,636.0,125.0,409.0
user0210,G152,False,False,0,0.18,,-1.0,0.33,0.45,0.67,0.67,0.67,,,,594.0,27.0,14.0,27.0
user0199,G152,True,False,1,0.27,0.45,99.0,0.5,0.5,0.67,0.67,0.72,0.99,0.2465753424657534,0.9863013698630136,2703.0,196.0,44.0,196.0
user0128,G152,False,False,1,0.09,,-1.0,0.42,0.45,0.6,0.78,0.67,,,,1264.0,67.0,12.0,67.0
user0169,G152,True,False,1,0.18,,77.0,0.67,0.95,1.0,1.0,1.0,0.77,,0.7195121951219513,155.0,3.0,3.0,3.0
user0206,G152,False,False,0,0.18,,-1.0,0.75,0.7,0.67,0.83,0.83,,,,129.0,22.0,4.0,22.0
user0141,G152,True,False,1,0.18,0.73,97.0,0.67,0.65,0.73,0.83,1.0,0.97,0.6707317073170732,0.9634146341463414,2571.0,155.0,37.0,155.0
user0145,G152,True,False,1,0.0,0.64,87.0,0.5,0.45,0.6,0.83,0.83,0.87,0.64,0.87,4567.0,610.0,80.0,299.0
user0152,G152,True,False,0,0.27,0.91,97.0,0.5,0.5,0.8,0.78,0.67,0.97,0.8767123287671234,0.958904109589041,2937.0,232.0,25.0,190.0
user0160,G152,True,False,1,0.27,0.36,95.0,0.58,0.6,0.6,0.83,0.83,0.95,0.12328767123287668,0.9315068493150684,2441.0,455.0,84.0,233.0
user0164,G152,True,False,1,0.18,0.73,99.0,0.5,0.35,0.6,1.0,0.94,0.99,0.6707317073170732,0.9878048780487805,6720.0,662.0,74.0,662.0
user0167,G152,True,False,0,1.0,0.73,99.0,0.75,0.75,0.67,0.78,0.67,0.99,1.0,1.0,4953.0,731.0,108.0,360.0
user0170,G152,True,False,1,0.82,0.82,97.0,1.0,0.9,1.0,0.94,0.67,0.97,0.0,0.8333333333333333,1281.0,173.0,14.0,173.0
user0173,G152,True,False,1,0.18,1.0,65.0,0.42,0.55,0.6,0.78,0.72,0.65,1.0,0.573170731707317,1211.0,164.0,22.0,81.0
user0176,G152,True,False,1,0.64,,76.0,0.58,0.7,0.93,0.78,0.67,0.76,,0.3333333333333333,3438.0,644.0,186.0,644.0
user0332,G153,False,False,,,,-1.0,,,,,,,,,0.0,0.0,0.0,0.0
user0336,G153,False,False,,,,-1.0,,,,,,,,,0.0,0.0,0.0,0.0
user0339,G153,False,False,,,,-1.0,,,,,,,,,0.0,0.0,0.0,0.0
user0260,G153,True,False,,,,83.0,,,,,,0.83,,,0.0,0.0,0.0,0.0
user0318,G153,True,False,,0.09,,78.0,,,,,,0.78,,0.7582417582417583,0.0,0.0,0.0,0.0
user0340,G153,True,True,,,,84.0,,,,,,0.84,,,0.0,0.0,0.0,0.0
user0341,G153,,True,,,,,,,,,,,,,0.0,0.0,0.0,0.0
user0287,G153,True,False,1,0.09,,70.0,0.75,0.15,0.87,0.67,0.44,0.7,,0.6703296703296703,0.0,0.0,0.0,0.0
user0288,G153,False,False,1,0.09,,-1.0,0.5,0.45,0.67,0.67,0.44,,,,0.0,0.0,0.0,0.0
user0296,G153,False,False,1,0.18,,-1.0,0.58,0.4,0.6,0.61,0.5,,,,0.0,0.0,0.0,0.0
user0303,G153,False,False,1,0.0,,-1.0,0.0,0.1,0.53,0.11,0.17,,,,0.0,0.0,0.0,0.0
user0317,G153,False,False,1,0.45,,-1.0,0.67,0.5,0.67,0.5,0.5,,,,0.0,0.0,0.0,0.0
user0329,G153,False,False,1,0.18,,-1.0,0.58,0.5,0.8,0.61,0.33,,,,0.0,0.0,0.0,0.0
user0263,G153,True,False,1,0.09,0.09,50.0,0.67,0.55,0.53,0.56,0.61,0.5,0.0,0.45054945054945056,81.0,26.0,0.0,0.0
user0311,G153,True,False,1,0.18,0.73,93.0,0.58,0.5,0.73,0.72,0.56,0.93,0.6707317073170732,0.9146341463414633,0.0,0.0,0.0,0.0
user0312,G153,True,False,1,0.09,0.82,66.0,0.33,0.5,0.6,0.5,0.5,0.66,0.8021978021978021,0.6263736263736264,0.0,0.0,0.0,0.0
user0330,G153,True,False,1,0.18,,61.0,0.58,0.5,0.87,0.5,0.5,0.61,,0.5243902439024389,0.0,0.0,0.0,0.0
user0334,G153,True,False,1,0.18,0.0,34.0,0.33,0.5,0.53,0.39,0.61,0.34,-0.2195121951219512,0.19512195121951223,109.0,20.0,0.0,20.0
user0335,G153,True,False,1,0.09,0.18,70.0,0.5,0.2,0.67,0.67,0.56,0.7,0.0989010989010989,0.6703296703296703,0.0,0.0,0.0,0.0
user0269,G153,True,False,1,0.27,0.36,62.0,0.33,0.65,0.53,0.44,0.0,0.62,0.12328767123287668,0.4794520547945205,0.0,0.0,0.0,0.0
user0308,G153,True,False,1,0.18,0.73,83.0,0.5,0.6,0.47,0.67,0.5,0.83,0.6707317073170732,0.7926829268292681,0.0,0.0,0.0,0.0
user0261,G153,True,False,1,1.0,0.73,100.0,0.58,0.55,0.73,0.83,0.56,1.0,1.0,1.0,0.0,0.0,0.0,0.0
user0301,G153,True,False,1,0.18,0.45,67.0,0.33,0.5,0.6,0.78,0.5,0.67,0.32926829268292684,0.5975609756097561,0.0,0.0,0.0,0.0
user0309,G153,True,False,0,0.09,0.36,82.0,0.58,0.55,0.4,0.78,0.44,0.82,0.2967032967032967,0.8021978021978021,67.0,22.0,0.0,0.0
user0297,G153,False,False,1,0.27,,-1.0,0.25,0.65,0.67,0.61,0.72,,,,0.0,0.0,0.0,0.0
user0306,G153,False,False,1,0.27,,-1.0,0.58,0.5,0.8,0.61,0.72,,,,0.0,0.0,0.0,0.0
user0321,G153,True,False,1,0.18,,73.0,0.42,0.5,0.0,0.56,0.83,0.73,,0.6707317073170732,0.0,0.0,0.0,0.0
user0266,G153,True,False,1,0.09,0.36,85.0,0.58,0.65,0.8,0.61,0.83,0.85,0.2967032967032967,0.8351648351648352,0.0,0.0,0.0,0.0
user0267,G153,False,False,1,0.09,,-1.0,0.75,0.7,0.73,0.83,0.83,,,,0.0,0.0,0.0,0.0
user0291,G153,False,False,0,0.0,,-1.0,0.58,0.25,0.67,0.83,0.89,,,,0.0,0.0,0.0,0.0
user0307,G153,True,False,1,0.73,,80.0,0.58,0.9,0.67,0.89,0.67,0.8,,0.25925925925925947,0.0,0.0,0.0,0.0
user0331,G153,False,False,1,0.36,,-1.0,0.67,0.3,0.93,1.0,0.89,,,,0.0,0.0,0.0,0.0
user0256,G153,True,False,1,0.09,0.73,68.0,0.58,0.7,0.6,0.83,0.78,0.68,0.7032967032967032,0.6483516483516484,0.0,0.0,0.0,0.0
user0258,G153,True,False,1,0.27,1.0,94.0,0.5,0.55,0.8,0.94,0.67,0.94,1.0,0.9178082191780821,0.0,0.0,0.0,0.0
user0259,G153,True,False,1,0.82,0.91,90.0,1.0,0.75,1.0,0.83,0.83,0.9,0.5000000000000003,0.4444444444444447,0.0,0.0,0.0,0.0
user0314,G153,True,False,1,0.18,0.36,88.0,0.58,0.3,0.6,0.78,0.67,0.88,0.2195121951219512,0.8536585365853657,355.0,72.0,0.0,72.0
user0328,G153,True,False,1,0.27,0.91,81.0,0.58,0.9,0.6,0.83,0.67,0.81,0.8767123287671234,0.7397260273972603,0.0,0.0,0.0,0.0
user0283,G153,True,False,1,0.09,0.45,85.0,0.33,0.25,0.6,0.83,0.83,0.85,0.3956043956043956,0.8351648351648352,0.0,0.0,0.0,0.0
user0284,G153,True,False,1,0.0,0.45,96.0,0.58,0.0,0.67,0.89,0.83,0.96,0.45,0.96,0.0,0.0,0.0,0.0
user0286,G153,True,False,1,0.55,,86.0,0.67,0.75,0.73,0.89,0.89,0.86,,0.6888888888888889,0.0,0.0,0.0,0.0
user0293,G153,True,False,1,0.0,0.64,93.0,0.5,0.5,0.53,0.78,0.67,0.93,0.64,0.93,0.0,0.0,0.0,0.0
user0319,G153,True,False,1,0.09,0.27,43.0,0.83,0.5,0.6,0.78,0.83,0.43,0.19780219780219782,0.3736263736263736,0.0,0.0,0.0,0.0
user0337,G153,True,False,,,0.55,88.0,,,,,,0.88,,,480.0,43.0,12.0,0.0
user0323,G153,True,False,1,0.27,0.64,89.0,0.58,0.45,0.73,0.72,0.17,0.89,0.5068493150684932,0.8493150684931507,2750.0,60.0,60.0,0.0
user0253,G153,True,False,1,0.09,0.18,58.0,0.58,0.7,0.67,0.56,0.44,0.58,0.0989010989010989,0.5384615384615384,66.0,6.0,4.0,0.0
user0277,G153,True,False,0,0.09,0.18,76.0,0.5,0.25,0.67,0.44,0.17,0.76,0.0989010989010989,0.7362637362637363,1013.0,249.0,22.0,0.0
user0278,G153,True,False,0,0.0,0.45,92.0,0.67,0.4,0.67,0.72,0.61,0.92,0.45,0.92,504.0,87.0,9.0,87.0
user0304,G153,True,False,1,0.36,0.73,97.0,0.58,0.45,0.67,0.67,0.56,0.97,0.578125,0.953125,957.0,105.0,13.0,0.0
user0310,G153,True,False,0,0.18,0.64,81.0,0.5,0.45,0.6,0.5,0.33,0.81,0.5609756097560975,0.7682926829268294,2549.0,361.0,62.0,0.0
user0320,G153,True,False,0,0.18,1.0,98.0,0.42,0.15,1.0,0.5,0.28,0.98,1.0,0.975609756097561,2175.0,139.0,42.0,139.0
user0327,G153,True,False,1,0.64,,84.0,0.42,0.6,0.8,0.67,0.67,0.84,,0.5555555555555555,25.0,1.0,1.0,0.0
user0282,G153,True,False,1,0.18,0.55,69.0,0.42,0.5,0.6,0.56,0.67,0.69,0.45121951219512196,0.6219512195121951,10905.0,1011.0,197.0,0.0
user0333,G153,True,False,1,0.45,0.45,94.0,0.5,0.4,0.87,0.56,0.72,0.94,0.0,0.8909090909090908,652.0,59.0,17.0,57.0
user0299,G153,True,False,1,0.27,0.91,97.0,0.58,0.8,0.6,0.61,0.67,0.97,0.8767123287671234,0.958904109589041,2450.0,331.0,52.0,0.0
user0315,G153,True,False,1,0.45,0.73,90.0,0.67,0.55,0.8,0.61,1.0,0.9,0.509090909090909,0.8181818181818181,44.0,2.0,2.0,0.0
user0316,G153,True,False,0,0.27,0.73,89.0,0.5,0.4,0.93,0.61,0.83,0.89,0.6301369863013698,0.8493150684931507,6846.0,643.0,88.0,643.0
user0326,G153,True,False,1,0.18,0.82,69.0,0.58,0.4,0.73,0.72,0.67,0.69,0.7804878048780486,0.6219512195121951,1287.0,36.0,36.0,0.0
user0294,G153,True,False,0,0.09,,57.0,0.67,0.7,0.73,1.0,0.67,0.57,,0.5274725274725275,1035.0,106.0,18.0,106.0
user0264,G153,True,False,0,0.09,0.09,70.0,0.67,0.6,0.67,0.78,0.78,0.7,0.0,0.6703296703296703,2026.0,165.0,34.0,0.0
user0271,G153,True,False,1,0.18,0.73,93.0,0.58,0.55,0.87,0.78,0.78,0.93,0.6707317073170732,0.9146341463414633,417.0,83.0,9.0,83.0
user0285,G153,True,False,1,0.18,0.45,89.0,0.58,0.2,0.6,0.78,0.83,0.89,0.32926829268292684,0.8658536585365852,727.0,108.0,26.0,108.0
user0305,G153,True,False,1,0.55,0.91,92.0,0.33,0.75,0.6,0.78,0.83,0.92,0.8,0.8222222222222223,6535.0,634.0,134.0,0.0
user0255,G153,True,False,1,0.27,,81.0,0.67,0.65,0.8,0.67,0.28,0.81,,0.7397260273972603,3136.0,88.0,72.0,88.0
user0270,G153,True,False,1,0.36,,87.0,0.5,0.4,0.53,0.56,0.17,0.87,,0.796875,2666.0,272.0,31.0,266.0
user0289,G153,True,False,0,0.27,,90.0,0.5,0.45,0.67,0.33,0.5,0.9,,0.863013698630137,1257.0,100.0,38.0,100.0
user0257,G153,True,False,1,0.09,0.73,93.0,0.58,0.0,0.6,0.72,0.17,0.93,0.7032967032967032,0.9230769230769231,27.0,2.0,2.0,2.0
user0265,G153,True,False,1,0.18,0.27,89.0,0.5,0.55,0.67,0.72,0.61,0.89,0.10975609756097564,0.8658536585365852,621.0,36.0,18.0,17.0
user0280,G153,True,False,1,0.0,,45.0,0.58,0.5,0.8,0.72,0.56,0.45,,0.45,2161.0,285.0,15.0,285.0
user0302,G153,True,False,0,0.09,0.55,94.0,0.58,0.55,0.53,0.61,0.5,0.94,0.5054945054945056,0.934065934065934,615.0,106.0,15.0,31.0
user0272,G153,True,False,1,0.27,1.0,94.0,0.67,0.35,0.67,0.61,0.56,0.94,1.0,0.9178082191780821,3962.0,321.0,52.0,96.0
user0273,G153,True,False,1,0.0,0.55,93.0,0.5,0.15,0.53,0.56,0.61,0.93,0.55,0.93,1321.0,234.0,24.0,234.0
user0324,G153,True,False,0,0.18,0.55,95.0,0.58,0.5,0.73,0.72,0.39,0.95,0.45121951219512196,0.9390243902439024,503.0,14.0,13.0,14.0
user0254,G153,True,False,1,0.27,,98.0,0.83,0.85,0.93,0.94,0.5,0.98,,0.9726027397260274,3093.0,345.0,44.0,345.0
user0292,G153,True,False,1,0.73,,87.0,0.67,0.7,1.0,0.83,0.0,0.87,,0.5185185185185185,52.0,2.0,2.0,2.0
user0268,G153,True,False,1,0.09,0.55,88.0,1.0,0.6,1.0,0.94,0.61,0.88,0.5054945054945056,0.8681318681318682,1429.0,44.0,44.0,44.0
user0298,G153,True,False,1,0.0,0.27,86.0,0.33,0.4,0.4,0.83,0.5,0.86,0.27,0.86,3028.0,214.0,108.0,140.0
user0281,G153,True,False,0,0.18,0.64,94.0,0.75,0.3,0.73,0.94,0.61,0.94,0.5609756097560975,0.9268292682926829,9755.0,311.0,57.0,301.0
user0290,G153,True,False,1,0.27,,91.0,0.58,0.6,0.73,0.56,0.72,0.91,,0.8767123287671234,893.0,189.0,19.0,189.0
user0295,G153,False,False,1,0.73,,-1.0,0.58,0.85,1.0,0.61,0.67,,,,1813.0,277.0,59.0,106.0
user0276,G153,True,False,0,0.18,0.82,100.0,0.5,0.4,0.6,0.56,0.67,1.0,0.7804878048780486,1.0,1806.0,237.0,25.0,237.0
user0279,G153,True,False,1,0.27,0.55,96.0,0.58,0.3,0.67,0.72,0.67,0.96,0.3835616438356165,0.9452054794520548,400.0,29.0,10.0,29.0
user0300,G153,True,False,1,0.73,0.73,79.0,0.67,0.8,0.67,0.72,0.83,0.79,0.0,0.2222222222222224,749.0,113.0,15.0,113.0
user0313,G153,False,False,1,0.18,,-1.0,0.67,0.85,0.8,0.94,0.83,,,,1409.0,169.0,31.0,169.0
user0262,G153,True,False,1,1.0,1.0,96.0,0.75,1.0,0.67,1.0,1.0,0.96,1.0,1.0,1011.0,195.0,26.0,195.0
user0274,G153,True,False,1,1.0,0.91,99.0,0.83,1.0,0.93,1.0,1.0,0.99,1.0,1.0,2236.0,453.0,53.0,453.0
user0322,G153,True,False,1,0.09,0.82,94.0,0.67,0.45,0.87,0.83,0.78,0.94,0.8021978021978021,0.934065934065934,4415.0,542.0,77.0,542.0
user0439,G154,True,False,,,,80.0,,,,,,0.8,,,0.0,0.0,0.0,0.0
user0422,G154,True,False,,0.91,0.64,84.0,,,,,,0.84,-3.0000000000000013,-0.7777777777777788,3.0,1.0,0.0,0.0
user0465,G154,False,True,,,,-1.0,,,,,,,,,0.0,0.0,0.0,0.0
user0430,G154,True,False,1,0.09,,85.0,0.5,0.45,0.67,0.5,0.0,0.85,,0.8351648351648352,0.0,0.0,0.0,0.0
user0433,G154,False,False,1,0.0,,-1.0,0.42,0.25,0.33,0.5,0.5,,,,0.0,0.0,0.0,0.0
user0456,G154,False,False,1,0.0,,-1.0,0.42,0.35,0.67,0.5,0.11,,,,0.0,0.0,0.0,0.0
user0459,G154,False,False,1,0.09,,-1.0,0.42,0.25,0.73,0.33,0.22,,,,0.0,0.0,0.0,0.0
user0378,G154,True,False,1,0.27,0.64,84.0,0.58,0.6,0.67,0.61,0.5,0.84,0.5068493150684932,0.7808219178082191,0.0,0.0,0.0,0.0
user0382,G154,True,False,1,0.09,0.73,90.0,0.5,0.45,0.67,0.44,0.39,0.9,0.7032967032967032,0.8901098901098902,0.0,0.0,0.0,0.0
user0388,G154,True,False,1,0.0,0.73,95.0,0.5,0.65,0.6,0.5,0.5,0.95,0.73,0.95,0.0,0.0,0.0,0.0
user0398,G154,True,False,1,0.09,0.27,82.0,0.58,0.4,0.67,0.72,0.56,0.82,0.19780219780219782,0.8021978021978021,26.0,2.0,0.0,2.0
user0418,G154,True,False,1,0.36,0.36,70.0,0.42,0.5,0.6,0.67,0.5,0.7,0.0,0.5312499999999999,0.0,0.0,0.0,0.0
user0421,G154,True,False,1,0.0,0.45,87.0,0.5,0.3,0.67,0.5,0.44,0.87,0.45,0.87,0.0,0.0,0.0,0.0
user0424,G154,True,False,1,0.73,0.09,95.0,0.5,0.75,0.8,0.5,0.0,0.95,-2.3703703703703702,0.8148148148148147,0.0,0.0,0.0,0.0
user0431,G154,True,False,0,0.09,0.45,99.0,0.5,0.55,1.0,0.61,0.5,0.99,0.3956043956043956,0.989010989010989,0.0,0.0,0.0,0.0
user0429,G154,True,False,0,0.18,0.73,85.0,0.67,0.05,0.53,0.67,0.33,0.85,0.6707317073170732,0.8170731707317072,0.0,0.0,0.0,0.0
user0386,G154,True,False,0,0.09,,87.0,0.58,0.2,0.8,0.78,0.0,0.87,,0.8571428571428571,0.0,0.0,0.0,0.0
user0405,G154,True,False,1,0.45,,66.0,0.5,0.8,0.93,0.78,0.0,0.66,,0.38181818181818183,0.0,0.0,0.0,0.0
user0414,G154,False,False,1,0.27,,-1.0,0.83,0.5,0.87,0.89,0.0,,,,0.0,0.0,0.0,0.0
user0437,G154,True,False,1,0.36,0.91,86.0,1.0,1.0,1.0,1.0,0.0,0.86,0.859375,0.78125,2.0,1.0,0.0,1.0
user0449,G154,False,False,1,0.09,,-1.0,0.67,0.45,0.93,0.89,0.5,,,,0.0,0.0,0.0,0.0
user0458,G154,False,False,1,0.45,,-1.0,0.58,0.8,0.8,0.83,0.33,,,,0.0,0.0,0.0,0.0
user0446,G154,True,False,1,0.18,0.36,95.0,0.58,0.55,0.73,0.94,0.33,0.95,0.2195121951219512,0.9390243902439024,0.0,0.0,0.0,0.0
user0399,G154,True,False,1,0.18,0.36,85.0,0.5,0.7,0.53,0.94,0.33,0.85,0.2195121951219512,0.8170731707317072,0.0,0.0,0.0,0.0
user0428,G154,True,False,0,0.0,0.55,80.0,0.5,0.4,0.53,0.78,0.56,0.8,0.55,0.8,0.0,0.0,0.0,0.0
user0391,G154,False,False,1,0.09,,-1.0,0.58,0.5,0.67,0.61,0.67,,,,0.0,0.0,0.0,0.0
user0407,G154,True,False,1,0.45,,92.0,0.83,0.55,0.8,0.72,0.72,0.92,,0.8545454545454545,0.0,0.0,0.0,0.0
user0444,G154,False,False,1,0.27,,-1.0,0.58,0.5,0.6,0.67,0.78,,,,0.0,0.0,0.0,0.0
user0460,G154,True,False,1,0.09,,90.0,0.5,0.2,0.67,0.72,0.67,0.9,,0.8901098901098902,0.0,0.0,0.0,0.0
user0419,G154,True,False,1,0.27,0.36,85.0,0.5,0.5,0.87,0.72,0.67,0.85,0.12328767123287668,0.7945205479452054,0.0,0.0,0.0,0.0
user0440,G154,True,False,1,0.18,0.27,58.0,0.58,0.25,0.67,0.72,0.72,0.58,0.10975609756097564,0.4878048780487804,0.0,0.0,0.0,0.0
user0454,G154,True,False,1,0.09,0.27,37.0,0.33,0.25,0.53,0.44,0.72,0.37,0.19780219780219782,0.3076923076923077,0.0,0.0,0.0,0.0
user0453,G154,True,False,1,0.09,0.82,98.0,0.5,0.15,0.53,0.67,0.72,0.98,0.8021978021978021,0.978021978021978,0.0,0.0,0.0,0.0
user0457,G154,True,False,1,0.27,0.91,97.0,0.5,0.5,0.53,0.67,0.67,0.97,0.8767123287671234,0.958904109589041,0.0,0.0,0.0,0.0
user0393,G154,False,False,1,,,-1.0,0.58,0.6,0.8,0.83,0.72,,,,0.0,0.0,0.0,0.0
user0410,G154,True,False,1,0.55,,89.0,0.67,0.85,0.67,0.83,0.89,0.89,,0.7555555555555555,0.0,0.0,0.0,0.0
user0412,G154,True,False,1,0.36,,86.0,0.5,0.95,0.73,0.94,0.67,0.86,,0.78125,0.0,0.0,0.0,0.0
user0427,G154,True,False,0,0.09,,76.0,0.67,0.3,1.0,0.94,0.89,0.76,,0.7362637362637363,0.0,0.0,0.0,0.0
user0447,G154,False,False,1,0.27,,-1.0,0.67,0.55,0.87,0.83,0.67,,,,0.0,0.0,0.0,0.0
user0462,G154,True,False,,,0.82,60.0,,,,,,0.6,,,14749.0,760.0,132.0,0.0
user0463,G154,True,False,,,1.0,97.0,,,,,,0.97,,,2834.0,346.0,72.0,0.0
user0392,G154,True,False,1,0.55,0.55,98.0,0.5,0.6,0.87,0.61,0.17,0.98,0.0,0.9555555555555555,8398.0,809.0,104.0,0.0
user0434,G154,True,False,1,0.55,0.55,82.0,0.58,0.1,0.8,0.5,0.61,0.82,0.0,0.5999999999999999,1171.0,242.0,24.0,10.0
user0380,G154,True,False,1,0.18,0.91,95.0,0.58,0.6,1.0,0.67,0.5,0.95,0.8902439024390243,0.9390243902439024,12330.0,838.0,123.0,105.0
user0385,G154,True,False,0,0.09,0.55,51.0,0.58,0.15,0.47,0.67,0.44,0.51,0.5054945054945056,0.46153846153846156,350.0,6.0,6.0,0.0
user0408,G154,True,False,1,0.09,0.91,92.0,0.67,0.5,0.67,0.56,0.5,0.92,0.9010989010989011,0.9120879120879122,1533.0,261.0,54.0,0.0
user0435,G154,True,False,0,0.09,1.0,90.0,0.5,0.4,0.53,0.61,0.5,0.9,1.0,0.8901098901098902,7002.0,635.0,86.0,0.0
user0436,G154,True,False,1,0.36,0.82,82.0,0.33,0.3,0.47,0.28,0.17,0.82,0.7187499999999999,0.7187499999999999,6236.0,746.0,91.0,0.0
user0448,G154,True,False,0,0.0,0.64,72.0,0.0,0.3,0.4,0.56,0.28,0.72,0.64,0.72,14186.0,826.0,154.0,0.0
user0451,G154,True,False,1,0.09,0.45,72.0,0.25,0.1,0.6,0.33,0.28,0.72,0.3956043956043956,0.6923076923076923,3331.0,104.0,92.0,10.0
user0426,G154,True,False,1,0.18,0.91,49.0,0.33,0.35,0.53,0.78,0.44,0.49,0.8902439024390243,0.3780487804878048,398.0,86.0,11.0,86.0
user0445,G154,True,False,1,0.18,0.91,64.0,0.58,0.4,0.6,0.89,0.0,0.64,0.8902439024390243,0.5609756097560975,9203.0,1048.0,279.0,0.0
user0438,G154,True,False,1,0.09,0.18,64.0,0.58,0.55,0.6,0.67,0.83,0.64,0.0989010989010989,0.6043956043956045,300.0,1.0,1.0,0.0
user0401,G154,True,False,1,0.09,0.64,81.0,0.33,0.3,0.6,0.72,0.78,0.81,0.6043956043956045,0.7912087912087913,1006.0,119.0,29.0,0.0
user0413,G154,False,False,1,0.09,,-1.0,0.67,0.45,1.0,1.0,1.0,,,,3039.0,563.0,47.0,6.0
user0402,G154,True,False,1,0.18,0.45,94.0,0.83,0.95,1.0,0.78,0.83,0.94,0.32926829268292684,0.9268292682926829,1154.0,229.0,27.0,0.0
user0441,G154,True,False,1,0.45,1.0,73.0,0.5,0.1,0.67,0.78,0.67,0.73,1.0,0.509090909090909,530.0,86.0,12.0,86.0
user0443,G154,True,False,1,0.18,0.55,82.0,0.5,0.15,0.8,0.78,0.67,0.82,0.45121951219512196,0.7804878048780486,4410.0,249.0,109.0,0.0
user0406,G154,True,False,1,0.73,0.91,76.0,0.58,0.35,0.67,0.89,1.0,0.76,0.6666666666666669,0.1111111111111112,556.0,140.0,67.0,140.0
user0409,G154,True,False,1,0.18,0.36,87.0,0.67,0.25,0.53,0.83,0.72,0.87,0.2195121951219512,0.8414634146341462,28.0,1.0,1.0,0.0
user0461,G154,True,False,,0.82,0.82,88.0,,,,,,0.88,0.0,0.33333333333333354,5000.0,652.0,91.0,652.0
user0416,G154,True,False,1,0.18,,83.0,0.33,0.2,0.6,0.61,0.56,0.83,,0.7926829268292681,3220.0,287.0,70.0,176.0
user0455,G154,False,False,1,0.0,,-1.0,0.67,0.0,1.0,0.61,0.0,,,,1205.0,111.0,23.0,111.0
user0415,G154,True,False,1,0.09,0.0,98.0,0.58,0.35,0.73,0.67,0.61,0.98,-0.0989010989010989,0.978021978021978,8759.0,731.0,116.0,729.0
user0442,G154,True,False,1,0.64,0.73,91.0,0.58,0.75,0.6,0.67,0.17,0.91,0.24999999999999992,0.7500000000000001,9159.0,206.0,170.0,206.0
user0450,G154,True,False,1,0.09,0.18,77.0,0.17,0.45,0.33,0.44,0.39,0.77,0.0989010989010989,0.7472527472527473,3727.0,238.0,72.0,119.0
user0381,G154,True,False,1,0.18,,92.0,0.5,0.3,0.47,0.44,0.56,0.92,,0.9024390243902438,2484.0,330.0,52.0,249.0
user0396,G154,True,False,1,0.18,0.82,93.0,0.67,0.5,0.73,0.67,0.5,0.93,0.7804878048780486,0.9146341463414633,3699.0,409.0,78.0,409.0
user0397,G154,True,False,0,0.18,0.82,81.0,0.25,0.55,0.6,0.67,0.61,0.81,0.7804878048780486,0.7682926829268294,2471.0,140.0,52.0,136.0
user0403,G154,True,False,0,0.18,0.73,91.0,0.58,0.4,0.67,0.67,0.39,0.91,0.6707317073170732,0.8902439024390243,3173.0,501.0,61.0,501.0
user0411,G154,True,False,1,0.09,0.64,97.0,0.5,0.5,0.67,0.5,0.33,0.97,0.6043956043956045,0.967032967032967,224.0,26.0,6.0,26.0
user0423,G154,True,False,0,0.36,0.64,94.0,0.83,0.85,0.73,0.72,0.56,0.94,0.43750000000000006,0.9062499999999999,240.0,14.0,6.0,14.0
user0452,G154,True,False,1,0.09,0.82,76.0,0.67,0.5,0.53,0.67,0.39,0.76,0.8021978021978021,0.7362637362637363,2035.0,51.0,5.0,51.0
user0395,G154,True,False,1,0.27,,91.0,0.67,0.65,0.87,0.78,0.17,0.91,,0.8767123287671234,1448.0,243.0,35.0,104.0
user0417,G154,True,False,0,0.18,0.91,89.0,0.67,0.9,0.6,1.0,0.39,0.89,0.8902439024390243,0.8658536585365852,3074.0,416.0,21.0,416.0
user0394,G154,True,False,0,0.18,0.64,91.0,0.5,0.4,0.67,0.67,0.78,0.91,0.5609756097560975,0.8902439024390243,2563.0,338.0,55.0,338.0
user0387,G154,True,False,1,0.27,0.82,98.0,0.5,0.35,0.6,0.72,0.72,0.98,0.7534246575342465,0.9726027397260274,7385.0,639.0,110.0,639.0
user0404,G154,True,False,1,0.09,0.73,89.0,0.5,0.4,0.67,0.67,0.83,0.89,0.7032967032967032,0.8791208791208791,18.0,3.0,3.0,3.0
user0390,G154,True,False,1,1.0,,90.0,1.0,0.8,1.0,0.89,0.72,0.9,,1.0,1626.0,85.0,25.0,85.0
user0432,G154,False,False,1,0.18,,-1.0,0.58,0.65,0.73,0.83,0.94,,,,1002.0,87.0,30.0,87.0
user0400,G154,True,False,1,0.18,0.82,64.0,0.42,0.75,1.0,0.89,0.78,0.64,0.7804878048780486,0.5609756097560975,527.0,74.0,19.0,74.0
user0379,G154,True,False,1,0.45,1.0,98.0,0.75,0.9,1.0,0.89,0.83,0.98,1.0,0.9636363636363636,699.0,106.0,9.0,106.0
user0383,G154,True,False,1,0.18,0.45,45.0,0.67,0.6,0.6,0.78,0.83,0.45,0.32926829268292684,0.32926829268292684,745.0,99.0,12.0,99.0
user0389,G154,True,False,1,0.36,0.73,94.0,0.75,0.8,1.0,0.78,0.83,0.94,0.578125,0.9062499999999999,639.0,87.0,11.0,87.0
user0420,G154,True,False,0,0.18,0.82,94.0,0.5,0.85,0.67,0.94,1.0,0.94,0.7804878048780486,0.9268292682926829,6326.0,562.0,94.0,454.0
user0582,G155,False,True,,,,-1.0,,,,,,,,,0.0,0.0,0.0,0.0
user0587,G155,False,True,,,,-1.0,,,,,,,,,0.0,0.0,0.0,0.0
user0590,G155,True,True,,,,96.0,,,,,,0.96,,,0.0,0.0,0.0,0.0
user0507,G155,True,True,0,0.09,,28.0,0.58,0.45,0.6,0.72,0.0,0.28,,0.20879120879120883,0.0,0.0,0.0,0.0
user0514,G155,True,True,1,0.27,,80.0,0.67,0.55,0.4,0.5,0.61,0.8,,0.726027397260274,0.0,0.0,0.0,0.0
user0536,G155,True,True,1,0.0,,56.0,0.58,0.15,0.67,0.72,0.5,0.56,,0.56,0.0,0.0,0.0,0.0
user0562,G155,False,True,1,0.09,,-1.0,0.42,0.45,0.6,0.56,0.44,,,,0.0,0.0,0.0,0.0
user0565,G155,False,True,0,0.27,,-1.0,0.75,0.35,0.67,0.72,0.17,,,,0.0,0.0,0.0,0.0
user0568,G155,False,True,1,0.0,,-1.0,0.5,0.0,0.33,0.61,0.17,,,,0.0,0.0,0.0,0.0
user0585,G155,False,True,1,0.09,,-1.0,0.33,0.4,0.53,0.56,0.17,,,,0.0,0.0,0.0,0.0
user0526,G155,True,True,1,0.09,0.64,32.0,0.33,0.6,0.27,0.28,0.5,0.32,0.6043956043956045,0.25274725274725274,0.0,0.0,0.0,0.0
user0529,G155,True,True,1,0.09,0.0,69.0,0.58,0.35,0.6,0.72,0.39,0.69,-0.0989010989010989,0.6593406593406593,0.0,0.0,0.0,0.0
user0532,G155,True,True,1,0.18,0.18,56.0,0.33,0.25,0.47,0.5,0.44,0.56,0.0,0.4634146341463415,0.0,0.0,0.0,0.0
user0541,G155,True,True,1,0.18,0.73,78.0,0.25,0.5,0.67,0.39,0.56,0.78,0.6707317073170732,0.7317073170731708,0.0,0.0,0.0,0.0
user0543,G155,True,True,1,0.09,0.27,59.0,0.33,0.25,0.33,0.5,0.5,0.59,0.19780219780219782,0.5494505494505494,0.0,0.0,0.0,0.0
user0523,G155,True,True,1,0.45,0.73,96.0,0.75,0.75,0.73,0.72,0.56,0.96,0.509090909090909,0.9272727272727272,0.0,0.0,0.0,0.0
user0528,G155,True,True,1,0.0,0.73,54.0,0.5,0.25,0.67,0.61,0.61,0.54,0.73,0.54,0.0,0.0,0.0,0.0
user0567,G155,True,True,1,0.18,0.36,29.0,0.33,0.5,0.6,0.61,0.44,0.29,0.2195121951219512,0.13414634146341461,1163.0,328.0,0.0,0.0
user0570,G155,True,True,1,0.18,0.55,66.0,0.42,0.45,0.6,0.67,0.11,0.66,0.45121951219512196,0.5853658536585366,0.0,0.0,0.0,0.0
user0580,G155,True,True,0,0.18,0.36,55.0,0.33,0.25,0.67,0.61,0.33,0.55,0.2195121951219512,0.45121951219512196,0.0,0.0,0.0,0.0
user0572,G155,True,True,0,0.0,,0.0,0.58,0.6,0.87,0.83,0.0,0.0,,0.0,0.0,0.0,0.0,0.0
user0577,G155,False,True,0,0.64,,-1.0,0.5,0.6,0.73,0.78,0.56,,,,0.0,0.0,0.0,0.0
user0579,G155,False,True,0,0.18,,-1.0,0.67,0.1,1.0,0.83,0.17,,,,0.0,0.0,0.0,0.0
user0506,G155,True,True,1,0.73,,78.0,0.67,0.45,0.67,0.72,0.72,0.78,,0.18518518518518534,0.0,0.0,0.0,0.0
user0537,G155,True,True,1,0.09,,91.0,0.42,0.1,0.87,0.56,0.83,0.91,,0.9010989010989011,0.0,0.0,0.0,0.0
user0558,G155,False,True,1,0.0,,-1.0,0.5,0.45,0.6,0.44,0.83,,,,0.0,0.0,0.0,0.0
user0559,G155,False,True,0,0.09,,-1.0,0.5,0.5,0.8,0.67,0.67,,,,0.0,0.0,0.0,0.0
user0569,G155,False,True,1,0.45,,-1.0,0.58,0.5,0.67,0.67,0.67,,,,0.0,0.0,0.0,0.0
user0505,G155,True,True,1,0.09,0.45,58.0,0.58,0.5,0.8,0.44,0.67,0.58,0.3956043956043956,0.5384615384615384,0.0,0.0,0.0,0.0
user0557,G155,True,True,1,0.09,0.64,91.0,0.58,0.5,0.73,0.61,0.83,0.91,0.6043956043956045,0.9010989010989011,0.0,0.0,0.0,0.0
user0503,G155,False,True,1,0.36,,-1.0,0.83,1.0,0.93,0.94,1.0,,,,0.0,0.0,0.0,0.0
user0519,G155,False,True,1,0.18,,-1.0,0.67,0.55,1.0,0.83,0.89,,,,0.0,0.0,0.0,0.0
user0552,G155,False,True,1,0.09,,-1.0,0.58,0.7,0.73,0.89,1.0,,,,0.0,0.0,0.0,0.0
user0544,G155,True,True,1,0.09,0.18,44.0,0.58,0.3,0.67,0.83,0.78,0.44,0.0989010989010989,0.3846153846153846,0.0,0.0,0.0,0.0
user0513,G155,True,True,1,0.0,0.73,50.0,0.83,0.55,0.8,0.89,1.0,0.5,0.73,0.5,0.0,0.0,0.0,0.0
user0549,G155,True,True,1,0.09,0.27,75.0,0.58,0.5,0.67,0.78,0.83,0.75,0.19780219780219782,0.7252747252747253,0.0,0.0,0.0,0.0
user0571,G155,True,True,0,0.18,0.45,67.0,0.42,0.3,0.53,0.78,0.72,0.67,0.32926829268292684,0.5975609756097561,0.0,0.0,0.0,0.0
user0535,G155,True,True,,,0.45,70.0,,,,,,0.7,,,3773.0,198.0,30.0,0.0
user0533,G155,True,True,0,0.09,,82.0,0.58,0.5,0.6,0.72,0.61,0.82,,0.8021978021978021,10562.0,586.0,150.0,0.0
user0554,G155,True,True,1,0.27,,85.0,0.5,0.7,0.6,0.61,0.5,0.85,,0.7945205479452054,4982.0,51.0,51.0,0.0
user0531,G155,True,True,1,0.09,0.27,83.0,0.58,0.4,0.8,0.5,0.5,0.83,0.19780219780219782,0.8131868131868132,662.0,48.0,17.0,0.0
user0538,G155,True,True,1,0.36,0.09,52.0,0.67,0.7,1.0,0.5,0.5,0.52,-0.421875,0.25000000000000006,410.0,12.0,12.0,0.0
user0563,G155,True,True,1,0.0,0.73,92.0,0.5,0.35,0.6,0.33,0.61,0.92,0.73,0.92,8759.0,181.0,159.0,0.0
user0566,G155,True,True,1,0.18,0.55,95.0,0.42,0.45,0.53,0.39,0.56,0.95,0.45121951219512196,0.9390243902439024,897.0,117.0,18.0,0.0
user0578,G155,True,True,0,0.18,0.82,95.0,0.42,0.55,0.4,0.61,0.61,0.95,0.7804878048780486,0.9390243902439024,14389.0,821.0,130.0,196.0
user0530,G155,True,True,0,0.0,,75.0,0.5,0.4,0.8,0.44,0.5,0.75,,0.75,1946.0,168.0,36.0,0.0
user0560,G155,True,True,0,0.0,0.27,57.0,0.25,0.3,0.2,0.5,0.5,0.57,0.27,0.57,6429.0,186.0,94.0,0.0
user0510,G155,True,True,0,0.18,,90.0,0.75,0.65,0.93,0.94,0.44,0.9,,0.8780487804878048,1525.0,110.0,24.0,0.0
user0574,G155,True,True,1,0.0,,80.0,0.67,0.85,1.0,0.83,0.5,0.8,,0.8,1338.0,118.0,35.0,0.0
user0553,G155,True,True,0,0.18,0.73,94.0,0.58,0.9,0.73,0.83,0.17,0.94,0.6707317073170732,0.9268292682926829,1936.0,243.0,23.0,0.0
user0583,G155,True,True,1,0.36,0.82,85.0,0.5,0.75,0.47,0.22,0.67,0.85,0.7187499999999999,0.765625,656.0,99.0,12.0,0.0
user0561,G155,True,True,1,0.82,0.73,70.0,0.58,0.55,0.53,0.61,0.67,0.7,-0.49999999999999967,-0.6666666666666664,591.0,44.0,18.0,0.0
user0512,G155,True,True,0,0.0,0.73,96.0,0.5,0.25,0.6,0.67,0.67,0.96,0.73,0.96,7718.0,643.0,124.0,627.0
user0524,G155,True,True,1,0.18,,61.0,0.58,0.65,0.73,0.72,0.67,0.61,,0.5243902439024389,1056.0,105.0,29.0,105.0
user0539,G155,True,True,1,0.27,0.82,100.0,0.58,0.6,0.67,0.67,0.67,1.0,0.7534246575342465,1.0,1848.0,290.0,43.0,0.0
user0547,G155,True,True,1,0.18,0.91,97.0,0.58,0.45,0.6,0.67,0.67,0.97,0.8902439024390243,0.9634146341463414,638.0,99.0,15.0,99.0
user0573,G155,True,True,0,0.0,0.55,90.0,0.58,0.5,0.67,0.67,0.67,0.9,0.55,0.9,893.0,104.0,23.0,0.0
user0511,G155,True,True,0,0.18,0.82,85.0,0.75,0.1,0.6,0.78,0.72,0.85,0.7804878048780486,0.8170731707317072,2912.0,97.0,50.0,0.0
user0517,G155,True,True,1,0.18,0.64,89.0,0.17,0.55,0.47,0.83,0.83,0.89,0.5609756097560975,0.8658536585365852,5741.0,771.0,105.0,0.0
user0548,G155,True,True,0,0.0,0.09,60.0,0.75,0.5,1.0,0.78,0.67,0.6,0.09,0.6,677.0,108.0,20.0,108.0
user0581,G155,True,True,1,0.82,0.91,95.0,0.75,0.95,0.87,0.83,0.72,0.95,0.5000000000000003,0.7222222222222221,63.0,3.0,3.0,0.0
user0545,G155,False,True,,0.55,,-1.0,,,,,,,,,91.0,2.0,2.0,2.0
user0586,G155,False,True,,,,-1.0,,,,,,,,,1416.0,208.0,33.0,208.0
user0508,G155,True,True,,0.09,0.09,76.0,,,,,,0.76,0.0,0.7362637362637363,74.0,3.0,3.0,3.0
user0527,G155,True,True,0,0.18,0.36,93.0,0.42,0.25,0.6,0.67,0.17,0.93,0.2195121951219512,0.9146341463414633,3157.0,252.0,26.0,252.0
user0564,G155,True,True,1,0.09,0.0,95.0,0.42,0.55,0.67,0.39,0.5,0.95,-0.0989010989010989,0.945054945054945,3189.0,322.0,67.0,322.0
user0575,G155,True,True,1,0.09,0.27,87.0,0.42,0.6,0.47,0.67,0.5,0.87,0.19780219780219782,0.8571428571428571,1118.0,184.0,28.0,116.0
user0576,G155,True,True,0,0.27,0.36,60.0,0.17,0.15,0.33,0.33,0.06,0.6,0.12328767123287668,0.4520547945205479,858.0,125.0,25.0,125.0
user0504,G155,True,True,0,0.18,0.64,59.0,0.33,0.5,0.87,0.39,0.0,0.59,0.5609756097560975,0.49999999999999994,1737.0,109.0,33.0,109.0
user0522,G155,True,True,1,0.18,0.55,92.0,0.58,0.5,0.6,0.72,0.39,0.92,0.45121951219512196,0.9024390243902438,954.0,113.0,22.0,113.0
user0555,G155,True,True,1,0.27,0.82,87.0,0.58,0.5,0.6,0.61,0.44,0.87,0.7534246575342465,0.821917808219178,132.0,3.0,3.0,3.0
user0534,G155,True,True,0,0.09,0.73,87.0,0.58,0.0,0.87,0.83,0.44,0.87,0.7032967032967032,0.8571428571428571,10054.0,706.0,219.0,701.0
user0551,G155,True,True,1,0.73,,92.0,0.58,0.65,0.47,0.78,0.33,0.92,,0.7037037037037038,6312.0,464.0,87.0,464.0
user0509,G155,True,True,0,0.09,0.82,60.0,0.58,0.3,0.6,0.78,0.17,0.6,0.8021978021978021,0.5604395604395604,3909.0,194.0,53.0,4.0
user0584,G155,True,True,1,0.36,0.82,94.0,0.58,0.6,0.6,0.67,0.83,0.94,0.7187499999999999,0.9062499999999999,4363.0,367.0,45.0,343.0
user0525,G155,True,True,1,0.73,0.91,94.0,0.67,0.45,0.73,0.67,0.67,0.94,0.6666666666666669,0.7777777777777776,1004.0,239.0,21.0,239.0
user0540,G155,True,True,1,0.0,0.91,90.0,0.75,0.7,1.0,0.67,0.67,0.9,0.91,0.9,2110.0,74.0,34.0,74.0
user0550,G155,True,True,1,0.91,0.64,98.0,0.83,0.7,1.0,0.67,0.89,0.98,-3.0000000000000013,0.7777777777777775,4507.0,857.0,108.0,574.0
user0546,G155,True,True,1,0.55,,83.0,0.75,0.7,0.87,0.83,0.94,0.83,,0.6222222222222221,1226.0,165.0,28.0,165.0
user0516,G155,True,True,1,0.18,0.82,88.0,1.0,0.8,1.0,0.94,0.67,0.88,0.7804878048780486,0.8536585365853657,962.0,208.0,25.0,208.0
user0518,G155,True,True,0,0.45,0.91,93.0,0.83,0.9,0.93,0.83,0.67,0.93,0.8363636363636363,0.8727272727272727,8379.0,677.0,162.0,677.0
user0520,G155,True,True,1,0.36,0.82,95.0,0.67,0.8,1.0,0.94,0.72,0.95,0.7187499999999999,0.9218749999999999,8781.0,560.0,94.0,560.0
user0515,G155,True,True,1,,1.0,91.0,0.75,0.75,0.87,1.0,0.72,0.91,,,3396.0,268.0,37.0,215.0
user0521,G155,True,True,0,0.55,0.91,98.0,0.67,0.55,0.8,0.78,0.67,0.98,0.8,0.9555555555555555,13652.0,718.0,152.0,691.0
user0542,G155,True,True,0,0.27,0.82,89.0,0.67,0.65,0.87,0.83,0.83,0.89,0.7534246575342465,0.8493150684931507,978.0,23.0,23.0,23.0
user0711,G156,False,True,,,,-1.0,,,,,,,,,0.0,0.0,0.0,0.0
user0715,G156,True,True,,,,41.0,,,,,,0.41,,,0.0,0.0,0.0,0.0
user0687,G156,True,True,,,,34.0,,,,,,0.34,,,0.0,0.0,0.0,0.0
user0628,G156,False,True,1,0.0,,-1.0,0.33,0.1,0.47,0.39,0.5,,,,0.0,0.0,0.0,0.0
user0639,G156,True,True,1,0.18,,57.0,0.58,0.05,0.6,0.61,0.61,0.57,,0.4756097560975609,0.0,0.0,0.0,0.0
user0655,G156,False,True,1,0.73,,-1.0,0.67,0.7,0.73,0.67,0.5,,,,0.0,0.0,0.0,0.0
user0656,G156,False,True,1,0.09,,-1.0,0.58,0.0,0.6,0.67,0.5,,,,0.0,0.0,0.0,0.0
user0664,G156,False,True,0,0.09,,-1.0,0.5,0.3,0.6,0.44,0.17,,,,0.0,0.0,0.0,0.0
user0696,G156,True,True,1,0.09,,51.0,0.5,0.15,0.4,0.67,0.5,0.51,,0.46153846153846156,0.0,0.0,0.0,0.0
user0704,G156,True,True,1,0.27,,55.0,0.42,0.65,0.73,0.72,0.33,0.55,,0.3835616438356165,0.0,0.0,0.0,0.0
user0709,G156,True,True,1,0.36,,46.0,0.67,0.65,0.73,0.56,0.44,0.46,,0.15625000000000006,0.0,0.0,0.0,0.0
user0633,G156,True,True,1,0.18,0.64,93.0,0.58,0.5,0.67,0.56,0.5,0.93,0.5609756097560975,0.9146341463414633,0.0,0.0,0.0,0.0
user0644,G156,True,True,1,0.18,0.36,73.0,0.67,0.5,0.93,0.72,0.61,0.73,0.2195121951219512,0.6707317073170732,0.0,0.0,0.0,0.0
user0646,G156,True,True,1,0.09,0.27,82.0,0.58,0.25,0.6,0.67,0.5,0.82,0.19780219780219782,0.8021978021978021,0.0,0.0,0.0,0.0
user0671,G156,True,True,1,0.18,0.18,44.0,0.58,0.5,0.73,0.72,0.56,0.44,0.0,0.3170731707317073,0.0,0.0,0.0,0.0
user0685,G156,True,True,1,0.09,0.73,96.0,0.5,0.4,0.47,0.33,0.39,0.96,0.7032967032967032,0.956043956043956,0.0,0.0,0.0,0.0
user0700,G156,True,True,1,0.0,0.36,63.0,0.5,0.65,0.67,0.56,0.5,0.63,0.36,0.63,357.0,127.0,0.0,127.0
user0632,G156,True,True,1,0.09,0.73,74.0,0.67,0.5,0.6,0.56,0.28,0.74,0.7032967032967032,0.7142857142857143,0.0,0.0,0.0,0.0
user0638,G156,True,True,1,0.18,0.55,92.0,0.67,0.65,0.6,0.61,0.61,0.92,0.45121951219512196,0.9024390243902438,0.0,0.0,0.0,0.0
user0672,G156,True,True,0,0.09,0.64,62.0,0.42,0.45,0.67,0.72,0.0,0.62,0.6043956043956045,0.5824175824175825,0.0,0.0,0.0,0.0
user0674,G156,True,True,1,0.45,0.36,54.0,0.5,0.2,0.67,0.61,0.39,0.54,-0.16363636363636366,0.16363636363636366,0.0,0.0,0.0,0.0
user0689,G156,True,True,1,0.18,0.45,60.0,0.5,0.4,0.67,0.67,0.5,0.6,0.32926829268292684,0.5121951219512194,0.0,0.0,0.0,0.0
user0691,G156,True,True,0,0.09,0.36,73.0,0.42,0.35,0.8,0.28,0.61,0.73,0.2967032967032967,0.7032967032967032,0.0,0.0,0.0,0.0
user0697,G156,True,True,1,0.18,0.18,56.0,0.5,0.7,0.4,0.33,0.61,0.56,0.0,0.4634146341463415,0.0,0.0,0.0,0.0
user0630,G156,False,True,1,0.82,,-1.0,0.67,0.7,0.67,0.78,0.0,,,,0.0,0.0,0.0,0.0
user0661,G156,True,True,0,0.0,,95.0,0.33,0.55,0.8,0.83,0.22,0.95,,0.95,0.0,0.0,0.0,0.0
user0708,G156,False,True,1,0.36,,-1.0,0.67,0.75,0.8,0.83,0.5,,,,0.0,0.0,0.0,0.0
user0643,G156,True,True,1,0.36,0.73,79.0,0.58,0.65,0.93,0.83,0.0,0.79,0.578125,0.6718750000000001,0.0,0.0,0.0,0.0
user0654,G156,True,True,1,0.09,0.55,89.0,0.67,1.0,1.0,1.0,0.0,0.89,0.5054945054945056,0.8791208791208791,0.0,0.0,0.0,0.0
user0675,G156,False,True,0,0.09,,-1.0,0.5,0.45,0.67,0.61,0.67,,,,0.0,0.0,0.0,0.0
user0683,G156,True,True,0,0.09,0.45,70.0,0.5,0.05,0.73,0.72,0.72,0.7,0.3956043956043956,0.6703296703296703,0.0,0.0,0.0,0.0
user0699,G156,False,True,1,0.09,,-1.0,0.42,0.5,0.53,0.5,0.72,,,,0.0,0.0,0.0,0.0
user0702,G156,False,True,1,0.09,,-1.0,0.42,0.5,0.53,0.67,0.67,,,,0.0,0.0,0.0,0.0
user0706,G156,False,True,1,0.73,,-1.0,0.67,0.75,0.67,0.67,0.67,,,,0.0,0.0,0.0,0.0
user0649,G156,True,True,1,0.09,0.36,73.0,0.58,0.4,0.67,0.61,0.67,0.73,0.2967032967032967,0.7032967032967032,0.0,0.0,0.0,0.0
user0688,G156,True,True,1,0.18,0.64,85.0,0.67,0.1,0.67,0.56,0.72,0.85,0.5609756097560975,0.8170731707317072,0.0,0.0,0.0,0.0
user0692,G156,True,True,1,0.36,0.55,87.0,0.5,0.7,0.73,0.61,0.72,0.87,0.2968750000000001,0.796875,0.0,0.0,0.0,0.0
user0636,G156,True,True,1,0.18,0.45,86.0,0.5,0.7,0.53,0.5,0.67,0.86,0.32926829268292684,0.8292682926829267,0.0,0.0,0.0,0.0
user0626,G156,,True,0,,,,1.0,1.0,1.0,1.0,1.0,,,,0.0,0.0,0.0,0.0
user0647,G156,False,True,1,0.45,,-1.0,0.5,0.6,0.73,0.78,0.83,,,,0.0,0.0,0.0,0.0
user0666,G156,False,True,1,0.27,,-1.0,0.92,0.9,0.73,0.83,0.83,,,,0.0,0.0,0.0,0.0
user0669,G156,True,True,1,0.18,,84.0,0.92,0.6,0.87,0.94,1.0,0.84,,0.8048780487804876,0.0,0.0,0.0,0.0
user0676,G156,True,True,1,0.82,,84.0,0.67,0.85,0.93,0.78,0.94,0.84,,0.11111111111111117,0.0,0.0,0.0,0.0
user0693,G156,True,True,0,0.27,,77.0,0.58,0.7,0.87,0.89,0.83,0.77,,0.684931506849315,0.0,0.0,0.0,0.0
user0670,G156,True,True,0,0.64,1.0,92.0,0.42,0.55,0.67,0.78,0.78,0.92,1.0,0.7777777777777779,0.0,0.0,0.0,0.0
user0698,G156,True,True,1,0.27,,53.0,0.42,0.5,0.47,0.44,0.5,0.53,,0.35616438356164387,1372.0,239.0,64.0,239.0
user0705,G156,True,True,1,0.36,,60.0,0.5,0.75,0.73,0.44,0.28,0.6,,0.375,26.0,9.0,1.0,0.0
user0640,G156,True,True,1,0.09,0.55,81.0,0.5,0.3,0.67,0.5,0.56,0.81,0.5054945054945056,0.7912087912087913,3783.0,72.0,50.0,0.0
user0653,G156,True,True,1,0.82,,94.0,0.75,0.85,0.8,0.56,0.61,0.94,,0.6666666666666664,3348.0,387.0,54.0,0.0
user0658,G156,True,True,1,0.18,0.73,61.0,0.58,0.75,0.6,0.56,0.5,0.61,0.6707317073170732,0.5243902439024389,1188.0,111.0,25.0,111.0
user0690,G156,True,True,0,0.09,0.55,91.0,0.42,0.0,0.67,0.5,0.5,0.91,0.5054945054945056,0.9010989010989011,1124.0,151.0,8.0,0.0
user0695,G156,True,True,0,0.0,0.09,85.0,0.33,1.0,0.73,0.5,0.5,0.85,0.09,0.85,2657.0,223.0,42.0,0.0
user0673,G156,True,True,1,0.0,0.55,79.0,0.33,0.0,0.67,0.44,0.33,0.79,0.55,0.79,2239.0,227.0,34.0,0.0
user0657,G156,True,True,1,0.09,0.45,61.0,0.42,0.65,0.6,1.0,0.5,0.61,0.3956043956043956,0.5714285714285714,1549.0,59.0,37.0,0.0
user0663,G156,True,True,1,0.36,0.64,79.0,0.58,0.5,0.6,0.78,0.33,0.79,0.43750000000000006,0.6718750000000001,3065.0,59.0,50.0,0.0
user0665,G156,True,True,0,0.18,,86.0,0.5,0.2,0.33,0.67,0.78,0.86,,0.8292682926829267,302.0,29.0,13.0,0.0
user0667,G156,True,True,1,0.36,0.73,85.0,0.58,0.45,0.73,0.67,0.83,0.85,0.578125,0.765625,2343.0,194.0,43.0,0.0
user0645,G156,True,True,1,0.18,0.91,90.0,0.58,0.65,0.6,0.78,0.78,0.9,0.8902439024390243,0.8780487804878048,1431.0,173.0,25.0,0.0
user0662,G156,True,True,0,0.0,0.0,53.0,0.5,0.4,0.73,0.83,0.83,0.53,0.0,0.53,529.0,79.0,5.0,15.0
user0701,G156,True,True,0,0.09,0.36,91.0,0.75,0.5,1.0,0.89,0.72,0.91,0.2967032967032967,0.9010989010989011,1410.0,105.0,14.0,103.0
user0634,G156,True,True,0,,0.64,95.0,0.67,0.4,0.67,0.89,0.83,0.95,,,1046.0,246.0,15.0,0.0
user0668,G156,True,True,1,0.09,0.55,89.0,0.67,0.35,0.67,0.78,0.72,0.89,0.5054945054945056,0.8791208791208791,2070.0,80.0,78.0,0.0
user0710,G156,True,True,0,0.18,0.45,86.0,0.67,0.6,0.87,0.78,0.83,0.86,0.32926829268292684,0.8292682926829267,1604.0,277.0,27.0,0.0
user0678,G156,True,True,0,0.27,0.91,91.0,0.5,0.35,0.4,0.56,0.5,0.91,0.8767123287671234,0.8767123287671234,889.0,96.0,16.0,96.0
user0684,G156,True,True,0,0.09,0.36,50.0,0.25,0.15,0.6,0.33,0.44,0.5,0.2967032967032967,0.45054945054945056,8433.0,666.0,179.0,666.0
user0707,G156,True,True,0,0.09,0.0,47.0,0.67,0.25,0.8,0.61,0.44,0.47,-0.0989010989010989,0.4175824175824176,3170.0,161.0,59.0,161.0
user0694,G156,False,True,0,0.0,,-1.0,0.67,0.7,0.67,0.78,0.28,,,,69.0,3.0,3.0,3.0
user0686,G156,True,True,0,0.0,0.64,89.0,0.92,0.75,0.93,0.83,0.44,0.89,0.64,0.89,1248.0,137.0,23.0,91.0
user0629,G156,True,True,1,1.0,1.0,91.0,0.42,0.6,0.67,0.67,0.72,0.91,1.0,1.0,8354.0,852.0,157.0,696.0
user0677,G156,True,True,0,0.09,0.64,71.0,0.42,0.35,0.67,0.72,0.72,0.71,0.6043956043956045,0.6813186813186813,2369.0,605.0,41.0,365.0
user0631,G156,True,True,1,0.09,0.73,98.0,0.5,0.45,0.6,0.72,0.83,0.98,0.7032967032967032,0.978021978021978,1010.0,41.0,36.0,41.0
user0635,G156,True,True,1,0.18,0.73,91.0,0.42,0.3,0.6,0.67,0.72,0.91,0.6707317073170732,0.8902439024390243,2190.0,315.0,25.0,315.0
user0641,G156,True,True,0,0.09,0.18,55.0,0.33,0.55,0.47,0.72,0.94,0.55,0.0989010989010989,0.5054945054945056,3616.0,456.0,93.0,456.0
user0659,G156,True,True,1,0.09,0.64,95.0,0.58,0.1,0.87,0.83,0.83,0.95,0.6043956043956045,0.945054945054945,4193.0,328.0,64.0,328.0
user0703,G156,True,True,1,0.09,,67.0,0.5,0.65,0.8,0.78,0.72,0.67,,0.6373626373626374,2106.0,411.0,27.0,411.0
user0660,G156,True,True,1,0.64,0.82,85.0,0.67,0.8,1.0,0.83,0.89,0.85,0.49999999999999983,0.5833333333333333,6261.0,802.0,154.0,603.0
user0680,G156,True,True,1,0.73,1.0,96.0,0.58,0.75,0.67,0.83,0.67,0.96,1.0,0.8518518518518517,8406.0,697.0,167.0,697.0
user0637,G156,True,True,1,0.18,0.73,90.0,0.58,0.3,0.67,0.89,0.72,0.9,0.6707317073170732,0.8780487804878048,4155.0,245.0,45.0,245.0
user0642,G156,True,True,0,0.18,1.0,99.0,0.92,0.65,0.8,0.94,0.78,0.99,1.0,0.9878048780487805,15046.0,842.0,124.0,690.0
user0648,G156,True,True,1,0.18,0.27,69.0,0.67,0.5,0.8,0.89,0.67,0.69,0.10975609756097564,0.6219512195121951,2450.0,323.0,87.0,323.0
user0650,G156,True,True,1,0.27,0.91,92.0,0.67,0.6,0.67,1.0,0.78,0.92,0.8767123287671234,0.8904109589041096,7075.0,498.0,73.0,269.0
user0651,G156,True,True,1,0.73,0.91,93.0,0.67,0.5,1.0,0.83,0.83,0.93,0.6666666666666669,0.7407407407407409,6233.0,593.0,109.0,527.0
user0652,G156,True,True,0,0.27,1.0,99.0,0.58,0.6,0.73,0.78,0.72,0.99,1.0,0.9863013698630136,1639.0,209.0,39.0,206.0
user0679,G156,True,True,1,0.09,0.64,95.0,0.75,0.5,0.67,0.89,0.67,0.95,0.6043956043956045,0.945054945054945,120.0,4.0,4.0,4.0
user0780,G157,False,True,,0.09,,-1.0,,,,,,,,,0.0,0.0,0.0,0.0
user0809,G157,False,True,,,,-1.0,,,,,,,,,0.0,0.0,0.0,0.0
user0830,G157,False,True,,,,-1.0,,,,,,,,,0.0,0.0,0.0,0.0
user0837,G157,False,True,,,,-1.0,,,,,,,,,0.0,0.0,0.0,0.0
user0840,G157,True,True,,,,55.0,,,,,,0.55,,,0.0,0.0,0.0,0.0
user0836,G157,True,True,,,,81.0,,,,,,0.81,,,0.0,0.0,0.0,0.0
user0755,G157,True,True,1,0.18,,50.0,0.33,0.0,0.67,0.5,0.5,0.5,,0.39024390243902435,0.0,0.0,0.0,0.0
user0757,G157,True,True,1,0.0,,86.0,0.67,0.5,0.87,0.67,0.56,0.86,,0.86,0.0,0.0,0.0,0.0
user0801,G157,True,True,1,0.09,,86.0,0.67,0.65,0.67,0.56,0.28,0.86,,0.8461538461538461,0.0,0.0,0.0,0.0
user0811,G157,True,True,1,0.09,,89.0,0.25,0.45,0.53,0.5,0.44,0.89,,0.8791208791208791,0.0,0.0,0.0,0.0
user0813,G157,True,True,1,0.18,,90.0,0.58,0.55,0.8,0.72,0.61,0.9,,0.8780487804878048,0.0,0.0,0.0,0.0
user0820,G157,False,True,1,0.09,,-1.0,0.58,0.25,0.53,0.5,0.5,,,,0.0,0.0,0.0,0.0
user0822,G157,False,True,1,0.09,,-1.0,0.67,0.5,0.53,0.5,0.5,,,,0.0,0.0,0.0,0.0
user0834,G157,False,True,1,0.0,,-1.0,0.5,0.5,0.67,0.61,0.61,,,,0.0,0.0,0.0,0.0
user0765,G157,True,True,1,0.09,0.45,82.0,0.33,0.4,0.6,0.5,0.0,0.82,0.3956043956043956,0.8021978021978021,0.0,0.0,0.0,0.0
user0770,G157,True,True,1,0.09,0.0,66.0,0.17,0.25,0.33,0.28,0.22,0.66,-0.0989010989010989,0.6263736263736264,0.0,0.0,0.0,0.0
user0785,G157,True,True,1,0.09,0.82,94.0,0.42,0.15,0.53,0.39,0.56,0.94,0.8021978021978021,0.934065934065934,0.0,0.0,0.0,0.0
user0799,G157,True,True,1,0.09,0.82,91.0,0.5,0.35,0.73,0.61,0.17,0.91,0.8021978021978021,0.9010989010989011,0.0,0.0,0.0,0.0
user0804,G157,True,True,0,0.18,0.36,60.0,0.25,0.0,0.13,0.72,0.5,0.6,0.2195121951219512,0.5121951219512194,0.0,0.0,0.0,0.0
user0806,G157,True,True,1,0.27,1.0,67.0,0.42,0.7,0.67,0.72,0.33,0.67,1.0,0.5479452054794521,0.0,0.0,0.0,0.0
user0826,G157,True,True,1,0.45,0.36,94.0,0.58,0.6,0.67,0.72,0.5,0.94,-0.16363636363636366,0.8909090909090908,0.0,0.0,0.0,0.0
user0835,G157,True,True,0,0.09,,51.0,0.5,0.15,0.93,0.56,0.33,0.51,,0.46153846153846156,0.0,0.0,0.0,0.0
user0764,G157,True,True,1,0.18,0.91,98.0,0.5,0.45,0.6,0.56,0.44,0.98,0.8902439024390243,0.975609756097561,0.0,0.0,0.0,0.0
user0777,G157,True,True,0,0.09,0.64,89.0,0.58,0.2,0.67,0.67,0.44,0.89,0.6043956043956045,0.8791208791208791,0.0,0.0,0.0,0.0
user0766,G157,True,True,1,0.55,,90.0,1.0,0.9,0.8,0.83,0.56,0.9,,0.7777777777777778,0.0,0.0,0.0,0.0
user0795,G157,True,True,1,0.18,,79.0,0.67,0.65,0.73,0.83,0.56,0.79,,0.7439024390243903,0.0,0.0,0.0,0.0
user0823,G157,False,True,1,0.0,,-1.0,0.33,0.25,0.6,0.78,0.56,,,,0.0,0.0,0.0,0.0
user0783,G157,True,True,1,0.18,0.55,80.0,0.42,0.1,0.8,0.78,0.56,0.8,0.45121951219512196,0.7560975609756099,0.0,0.0,0.0,0.0
user0793,G157,True,True,1,0.0,0.91,63.0,0.67,0.55,0.87,0.89,0.5,0.63,0.91,0.63,0.0,0.0,0.0,0.0
user0763,G157,True,True,0,0.09,0.64,86.0,0.58,0.5,0.6,0.83,0.61,0.86,0.6043956043956045,0.8461538461538461,0.0,0.0,0.0,0.0
user0786,G157,True,True,0,0.09,0.36,68.0,0.5,0.1,0.53,0.78,0.44,0.68,0.2967032967032967,0.6483516483516484,0.0,0.0,0.0,0.0
user0789,G157,False,True,1,0.09,,-1.0,0.33,0.25,0.8,0.5,0.67,,,,0.0,0.0,0.0,0.0
user0805,G157,True,True,1,0.09,,45.0,0.5,0.5,0.87,0.67,0.72,0.45,,0.3956043956043956,0.0,0.0,0.0,0.0
user0756,G157,True,True,0,0.09,0.36,79.0,0.5,0.6,0.67,0.61,0.72,0.79,0.2967032967032967,0.7692307692307693,0.0,0.0,0.0,0.0
user0782,G157,True,True,1,0.09,0.64,77.0,0.58,0.1,0.67,0.67,0.67,0.77,0.6043956043956045,0.7472527472527473,0.0,0.0,0.0,0.0
user0784,G157,True,True,1,0.18,1.0,92.0,0.58,0.65,0.67,0.72,0.67,0.92,1.0,0.9024390243902438,0.0,0.0,0.0,0.0
user0810,G157,True,True,1,0.18,0.91,92.0,0.67,0.15,0.53,0.61,0.67,0.92,0.8902439024390243,0.9024390243902438,0.0,0.0,0.0,0.0
user0829,G157,True,True,1,0.09,1.0,95.0,0.58,0.2,0.6,0.67,0.67,0.95,1.0,0.945054945054945,0.0,0.0,0.0,0.0
user0831,G157,True,True,1,0.27,0.64,88.0,0.58,0.2,1.0,0.67,1.0,0.88,0.5068493150684932,0.8356164383561644,0.0,0.0,0.0,0.0
user0774,G157,False,True,1,0.64,,-1.0,0.58,0.35,0.67,0.83,0.78,,,,0.0,0.0,0.0,0.0
user0816,G157,True,True,0,0.18,,66.0,0.67,0.65,0.67,0.83,0.67,0.66,,0.5853658536585366,0.0,0.0,0.0,0.0
user0833,G157,True,True,1,0.09,,47.0,0.5,1.0,0.67,1.0,1.0,0.47,,0.4175824175824176,0.0,0.0,0.0,0.0
user0752,G157,True,True,0,0.18,0.55,89.0,0.67,0.65,0.93,0.83,0.83,0.89,0.45121951219512196,0.8658536585365852,0.0,0.0,0.0,0.0
user0776,G157,True,True,1,0.18,0.91,88.0,0.67,0.75,0.67,0.83,0.78,0.88,0.8902439024390243,0.8536585365853657,0.0,0.0,0.0,0.0
user0779,G157,True,True,1,0.36,0.55,79.0,0.5,0.6,0.8,0.94,0.78,0.79,0.2968750000000001,0.6718750000000001,0.0,0.0,0.0,0.0
user0814,G157,True,True,1,0.09,0.18,65.0,0.58,0.65,0.67,0.78,0.72,0.65,0.0989010989010989,0.6153846153846154,0.0,0.0,0.0,0.0
user0768,G157,True,True,1,0.09,,60.0,0.33,0.5,0.67,0.67,0.61,0.6,,0.5604395604395604,6178.0,137.0,88.0,137.0
user0802,G157,False,True,0,0.64,,-1.0,0.5,0.6,0.87,0.61,0.11,,,,34.0,2.0,2.0,2.0
user0818,G157,True,True,1,0.55,,83.0,0.33,0.35,0.47,0.22,0.5,0.83,,0.6222222222222221,10801.0,819.0,153.0,0.0
user0781,G157,True,True,0,0.27,0.0,66.0,0.5,0.45,0.6,0.67,0.44,0.66,-0.36986301369863017,0.5342465753424658,205.0,10.0,10.0,10.0
user0791,G157,True,True,1,0.09,0.73,69.0,0.5,0.65,0.47,0.5,0.56,0.69,0.7032967032967032,0.6593406593406593,6494.0,876.0,203.0,0.0
user0797,G157,True,True,0,0.18,0.82,89.0,0.58,0.35,0.67,0.67,0.44,0.89,0.7804878048780486,0.8658536585365852,2305.0,383.0,18.0,0.0
user0812,G157,True,True,1,0.0,0.64,88.0,0.42,0.35,0.67,0.44,0.39,0.88,0.64,0.88,164.0,5.0,4.0,0.0
user0815,G157,True,True,0,0.09,0.73,94.0,0.67,0.3,0.6,0.5,0.39,0.94,0.7032967032967032,0.934065934065934,648.0,46.0,20.0,0.0
user0824,G157,True,True,1,0.0,0.82,94.0,0.58,0.25,0.47,0.5,0.0,0.94,0.82,0.94,3812.0,585.0,76.0,585.0
user0825,G157,True,True,0,0.09,0.45,95.0,0.33,0.2,0.6,0.5,0.61,0.95,0.3956043956043956,0.945054945054945,2850.0,340.0,79.0,5.0
user0790,G157,True,True,0,0.18,0.45,65.0,0.5,0.35,0.67,0.61,0.5,0.65,0.32926829268292684,0.573170731707317,3863.0,327.0,55.0,0.0
user0803,G157,True,True,1,0.09,0.45,25.0,0.42,0.45,0.67,0.5,0.22,0.25,0.3956043956043956,0.1758241758241758,1048.0,381.0,13.0,0.0
user0827,G157,True,True,1,0.18,0.27,82.0,0.75,0.6,0.67,0.72,0.67,0.82,0.10975609756097564,0.7804878048780486,839.0,112.0,24.0,0.0
user0794,G157,False,True,1,0.09,,-1.0,0.75,0.5,0.8,0.94,0.67,,,,728.0,96.0,17.0,96.0
user0817,G157,True,True,1,0.18,0.73,76.0,0.58,0.65,0.6,0.78,0.78,0.76,0.6707317073170732,0.7073170731707318,9428.0,776.0,156.0,0.0
user0832,G157,False,True,1,0.91,,-1.0,0.75,0.8,1.0,0.83,0.67,,,,4138.0,730.0,106.0,0.0
user0769,G157,True,True,1,0.09,0.73,85.0,0.67,0.45,0.93,0.89,0.83,0.85,0.7032967032967032,0.8351648351648352,972.0,106.0,33.0,106.0
user0819,G157,True,True,1,0.18,0.82,83.0,0.67,0.5,0.67,0.83,0.83,0.83,0.7804878048780486,0.7926829268292681,1450.0,376.0,13.0,0.0
user0838,G157,True,True,,,0.55,84.0,,,,,,0.84,,,5071.0,145.0,53.0,38.0
user0778,G157,True,True,0,0.09,,31.0,0.33,0.45,0.53,0.61,0.5,0.31,,0.24175824175824176,2275.0,408.0,41.0,408.0
user0788,G157,False,True,1,0.09,,-1.0,0.5,0.3,0.6,0.44,0.22,,,,3448.0,164.0,49.0,164.0
user0808,G157,True,True,1,0.36,,88.0,0.42,0.55,0.67,0.61,0.61,0.88,,0.8125,1910.0,352.0,28.0,352.0
user0753,G157,True,True,1,0.09,0.64,91.0,0.58,0.55,0.87,0.67,0.0,0.91,0.6043956043956045,0.9010989010989011,657.0,84.0,16.0,84.0
user0758,G157,True,True,1,0.55,1.0,100.0,0.5,0.6,0.67,0.5,0.0,1.0,1.0,1.0,2152.0,52.0,37.0,50.0
user0754,G157,False,True,1,0.18,0.18,-1.0,0.5,0.65,0.53,0.67,0.5,,0.0,,5617.0,970.0,247.0,878.0
user0775,G157,False,True,1,0.18,,-1.0,0.75,0.3,0.87,0.89,0.22,,,,1165.0,60.0,23.0,60.0
user0762,G157,True,True,1,0.27,1.0,90.0,0.83,0.7,0.67,0.83,0.56,0.9,1.0,0.863013698630137,3311.0,378.0,65.0,189.0
user0772,G157,True,True,1,0.45,0.82,90.0,0.92,0.9,1.0,1.0,0.61,0.9,0.6727272727272726,0.8181818181818181,4393.0,322.0,80.0,322.0
user0771,G157,False,True,1,0.0,,-1.0,0.58,0.6,0.8,0.56,0.83,,,,1394.0,189.0,23.0,189.0
user0800,G157,True,True,0,0.27,,89.0,0.5,0.5,0.53,0.61,0.67,0.89,,0.8493150684931507,2470.0,136.0,21.0,136.0
user0759,G157,True,True,1,0.18,0.55,83.0,0.58,0.5,0.67,0.67,0.67,0.83,0.45121951219512196,0.7926829268292681,404.0,41.0,8.0,41.0
user0807,G157,True,True,0,0.09,0.55,91.0,0.58,0.05,0.73,0.67,0.67,0.91,0.5054945054945056,0.9010989010989011,852.0,101.0,14.0,101.0
user0773,G157,True,True,0,0.36,0.64,88.0,0.67,0.75,0.6,0.72,0.83,0.88,0.43750000000000006,0.8125,1384.0,105.0,17.0,105.0
user0787,G157,True,True,1,0.09,0.82,93.0,1.0,0.65,0.73,0.67,0.67,0.93,0.8021978021978021,0.9230769230769231,88.0,4.0,4.0,4.0
user0828,G157,True,True,1,0.09,0.55,87.0,0.5,0.35,1.0,0.56,0.67,0.87,0.5054945054945056,0.8571428571428571,1033.0,112.0,13.0,89.0
user0796,G157,True,True,1,0.18,,52.0,0.5,0.45,0.53,0.89,0.72,0.52,,0.4146341463414634,1538.0,106.0,22.0,106.0
user0760,G157,True,True,1,0.09,0.91,97.0,0.67,0.45,0.73,0.89,0.67,0.97,0.9010989010989011,0.967032967032967,7587.0,859.0,140.0,232.0
user0761,G157,True,True,1,0.82,0.91,94.0,0.92,1.0,0.8,1.0,1.0,0.94,0.5000000000000003,0.6666666666666664,5053.0,786.0,67.0,786.0
user0767,G157,True,True,1,0.73,0.91,79.0,0.67,0.75,1.0,0.83,0.94,0.79,0.6666666666666669,0.2222222222222224,1400.0,173.0,27.0,162.0
user0792,G157,True,True,1,0.09,0.64,87.0,0.25,0.3,0.6,0.83,1.0,0.87,0.6043956043956045,0.8571428571428571,1387.0,125.0,39.0,125.0
user0798,G157,True,True,1,0.09,0.45,92.0,0.92,0.85,0.93,0.83,0.72,0.92,0.3956043956043956,0.9120879120879122,2705.0,73.0,43.0,69.0
user0821,G157,True,True,0,0.27,0.82,94.0,0.75,0.5,0.73,0.94,0.67,0.94,0.7534246575342465,0.9178082191780821,1562.0,83.0,31.0,53.0
user0945,G158,False,True,,,,-1.0,,,,,,,,,0.0,0.0,0.0,0.0
user0955,G158,False,True,,,,-1.0,,,,,,,,,0.0,0.0,0.0,0.0
user0961,G158,False,True,,,,-1.0,,,,,,,,,0.0,0.0,0.0,0.0
user0962,G158,False,True,,,,-1.0,,,,,,,,,0.0,0.0,0.0,0.0
user0963,G158,False,True,,,,-1.0,,,,,,,,,0.0,0.0,0.0,0.0
user0964,G158,True,True,,,,67.0,,,,,,0.67,,,0.0,0.0,0.0,0.0
user0901,G158,False,True,1,0.09,,-1.0,0.33,0.1,0.6,0.72,0.28,,,,0.0,0.0,0.0,0.0
user0905,G158,True,True,1,0.27,,86.0,0.42,0.55,0.6,0.61,0.17,0.86,,0.8082191780821918,0.0,0.0,0.0,0.0
user0921,G158,True,True,1,0.45,,85.0,0.67,0.9,0.87,0.67,0.61,0.85,,0.7272727272727272,0.0,0.0,0.0,0.0
user0928,G158,False,True,0,0.09,,-1.0,0.42,0.55,0.87,0.67,0.0,,,,0.0,0.0,0.0,0.0
user0931,G158,True,True,1,0.45,,92.0,0.67,0.6,0.47,0.56,0.56,0.92,,0.8545454545454545,0.0,0.0,0.0,0.0
user0932,G158,False,True,0,0.09,,-1.0,0.33,0.1,0.47,0.56,0.44,,,,0.0,0.0,0.0,0.0
user0941,G158,False,True,1,0.0,,-1.0,0.5,0.25,0.6,0.5,0.5,,,,0.0,0.0,0.0,0.0
user0949,G158,False,True,1,0.09,,-1.0,0.58,0.35,0.8,0.72,0.28,,,,0.0,0.0,0.0,0.0
user0877,G158,True,True,1,0.09,0.45,57.0,0.5,0.5,0.6,0.28,0.5,0.57,0.3956043956043956,0.5274725274725275,0.0,0.0,0.0,0.0
user0889,G158,True,True,1,0.09,0.27,64.0,0.58,0.15,0.67,0.5,0.28,0.64,0.19780219780219782,0.6043956043956045,0.0,0.0,0.0,0.0
user0893,G158,True,True,1,0.09,0.09,64.0,0.67,0.05,1.0,0.28,0.39,0.64,0.0,0.6043956043956045,0.0,0.0,0.0,0.0
user0926,G158,True,True,1,0.27,0.73,76.0,0.33,0.45,0.33,0.5,0.5,0.76,0.6301369863013698,0.6712328767123288,0.0,0.0,0.0,0.0
user0933,G158,True,True,0,0.09,0.09,75.0,0.33,0.25,0.6,0.33,0.33,0.75,0.0,0.7252747252747253,0.0,0.0,0.0,0.0
user0936,G158,True,True,1,0.0,0.09,25.0,0.58,0.65,0.53,0.67,0.39,0.25,0.09,0.25,0.0,0.0,0.0,0.0
user0910,G158,True,True,1,0.27,0.73,95.0,0.58,0.35,0.67,0.72,0.61,0.95,0.6301369863013698,0.9315068493150684,0.0,0.0,0.0,0.0
user0929,G158,True,True,1,0.18,0.36,78.0,0.5,0.6,0.6,0.67,0.5,0.78,0.2195121951219512,0.7317073170731708,0.0,0.0,0.0,0.0
user0940,G158,True,True,0,0.18,0.27,92.0,0.5,0.05,0.67,0.61,0.5,0.92,0.10975609756097564,0.9024390243902438,0.0,0.0,0.0,0.0
user0947,G158,True,True,1,0.0,0.45,90.0,0.58,0.5,0.6,0.5,0.5,0.9,0.45,0.9,0.0,0.0,0.0,0.0
user0951,G158,True,True,1,0.45,0.36,58.0,0.42,0.7,0.8,0.61,0.5,0.58,-0.16363636363636366,0.23636363636363625,0.0,0.0,0.0,0.0
user0886,G158,True,True,1,0.09,,65.0,0.58,0.65,0.67,0.89,0.56,0.65,,0.6153846153846154,0.0,0.0,0.0,0.0
user0894,G158,False,True,1,0.0,,-1.0,0.5,0.15,0.67,0.78,0.0,,,,0.0,0.0,0.0,0.0
user0911,G158,False,True,1,0.09,,-1.0,0.33,0.55,1.0,0.83,0.33,,,,0.0,0.0,0.0,0.0
user0924,G158,True,True,1,0.27,,84.0,0.58,0.45,0.67,0.94,0.5,0.84,,0.7808219178082191,0.0,0.0,0.0,0.0
user0948,G158,False,True,1,0.55,,-1.0,0.58,0.8,0.67,0.83,0.0,,,,0.0,0.0,0.0,0.0
user0879,G158,True,True,1,0.18,0.82,99.0,0.67,0.4,0.6,0.83,0.44,0.99,0.7804878048780486,0.9878048780487805,0.0,0.0,0.0,0.0
user0939,G158,True,True,0,0.09,0.36,86.0,0.5,0.6,0.87,0.83,0.39,0.86,0.2967032967032967,0.8461538461538461,0.0,0.0,0.0,0.0
user0943,G158,True,True,1,0.0,0.36,58.0,0.58,0.65,0.6,0.83,0.61,0.58,0.36,0.58,0.0,0.0,0.0,0.0
user0958,G158,True,True,0,0.45,0.55,38.0,0.67,0.4,1.0,0.94,0.56,0.38,0.18181818181818185,-0.1272727272727273,0.0,0.0,0.0,0.0
user0881,G158,True,True,1,0.0,,68.0,0.5,0.55,0.6,0.5,0.83,0.68,,0.68,0.0,0.0,0.0,0.0
user0887,G158,True,True,1,0.27,,91.0,0.67,0.8,0.93,0.67,0.78,0.91,,0.8767123287671234,0.0,0.0,0.0,0.0
user0960,G158,False,True,1,0.09,,-1.0,0.5,0.75,0.67,0.72,0.72,,,,0.0,0.0,0.0,0.0
user0895,G158,True,True,1,0.09,0.36,96.0,0.5,0.3,0.67,0.72,0.83,0.96,0.2967032967032967,0.956043956043956,0.0,0.0,0.0,0.0
user0906,G158,True,True,1,0.18,0.09,69.0,0.5,0.7,0.6,0.5,0.72,0.69,-0.1097560975609756,0.6219512195121951,0.0,0.0,0.0,0.0
user0950,G158,True,True,1,0.27,0.45,90.0,0.58,0.6,0.67,0.61,0.67,0.9,0.2465753424657534,0.863013698630137,224.0,96.0,0.0,90.0
user0956,G158,True,True,1,0.09,0.27,59.0,0.42,0.55,0.67,0.39,0.67,0.59,0.19780219780219782,0.5494505494505494,0.0,0.0,0.0,0.0
user0908,G158,True,True,0,0.18,0.82,86.0,0.58,0.4,0.6,0.72,0.72,0.86,0.7804878048780486,0.8292682926829267,0.0,0.0,0.0,0.0
user0937,G158,True,True,1,0.09,0.27,55.0,0.58,0.2,0.93,0.67,0.72,0.55,0.19780219780219782,0.5054945054945056,0.0,0.0,0.0,0.0
user0938,G158,True,True,1,0.18,0.18,86.0,0.5,0.6,0.67,0.67,0.83,0.86,0.0,0.8292682926829267,0.0,0.0,0.0,0.0
user0903,G158,True,True,1,0.09,,77.0,0.83,0.6,1.0,0.83,0.83,0.77,,0.7472527472527473,0.0,0.0,0.0,0.0
user0913,G158,False,True,1,0.18,,-1.0,0.75,0.65,0.93,0.78,0.78,,,,0.0,0.0,0.0,0.0
user0935,G158,False,True,1,0.09,,-1.0,0.67,0.4,0.6,0.78,0.67,,,,0.0,0.0,0.0,0.0
user0944,G158,False,True,1,0.18,,-1.0,0.75,0.65,0.73,0.83,0.67,,,,0.0,0.0,0.0,0.0
user0952,G158,False,True,1,0.64,,-1.0,1.0,0.85,1.0,1.0,1.0,,,,0.0,0.0,0.0,0.0
user0957,G158,True,True,0,0.64,,97.0,0.75,0.85,0.93,0.83,0.67,0.97,,0.9166666666666666,0.0,0.0,0.0,0.0
user0915,G158,True,True,0,0.09,0.27,55.0,0.58,0.55,0.93,0.89,0.67,0.55,0.19780219780219782,0.5054945054945056,0.0,0.0,0.0,0.0
user0907,G158,True,True,1,0.09,1.0,95.0,0.58,0.8,0.8,0.89,0.67,0.95,1.0,0.945054945054945,0.0,0.0,0.0,0.0
user0880,G158,True,True,1,0.36,0.45,71.0,0.5,0.65,0.53,0.56,0.61,0.71,0.14062500000000003,0.546875,6080.0,766.0,157.0,0.0
user0897,G158,True,True,1,0.09,0.45,90.0,0.58,0.2,0.67,0.5,0.5,0.9,0.3956043956043956,0.8901098901098902,390.0,86.0,7.0,0.0
user0919,G158,False,True,0,0.27,1.0,-1.0,0.17,0.25,0.2,0.22,0.33,,1.0,,3490.0,518.0,78.0,518.0
user0923,G158,True,True,1,0.0,0.73,57.0,0.58,0.5,0.6,0.61,0.56,0.57,0.73,0.57,596.0,102.0,12.0,102.0
user0904,G158,True,True,1,0.27,,81.0,0.58,0.7,0.67,0.56,0.67,0.81,,0.7397260273972603,1945.0,28.0,27.0,0.0
user0925,G158,True,True,1,0.18,,61.0,0.58,0.35,0.67,0.72,0.83,0.61,,0.5243902439024389,1814.0,256.0,26.0,0.0
user0922,G158,False,True,1,0.91,,-1.0,0.75,1.0,0.93,1.0,0.89,,,,78.0,1.0,1.0,1.0
user0882,G158,True,True,1,0.18,0.73,100.0,0.83,0.65,0.6,1.0,1.0,1.0,0.6707317073170732,1.0,7060.0,272.0,151.0,0.0
user0934,G158,True,True,0,0.0,0.64,86.0,1.0,1.0,0.93,1.0,1.0,0.86,0.64,0.86,831.0,113.0,16.0,56.0
user0878,G158,True,True,1,0.27,0.73,93.0,0.58,0.6,0.67,0.83,0.67,0.93,0.6301369863013698,0.904109589041096,2948.0,425.0,81.0,0.0
user0890,G158,True,True,1,0.18,0.45,64.0,0.83,0.4,0.93,0.83,1.0,0.64,0.32926829268292684,0.5609756097560975,734.0,98.0,16.0,0.0
user0891,G158,True,True,1,0.09,0.45,93.0,0.67,0.65,0.73,1.0,0.67,0.93,0.3956043956043956,0.9230769230769231,494.0,102.0,19.0,0.0
user0898,G158,True,True,1,0.18,0.45,39.0,0.83,0.7,0.93,0.78,0.72,0.39,0.32926829268292684,0.25609756097560976,1549.0,271.0,25.0,0.0
user0927,G158,True,True,1,0.0,0.64,90.0,0.75,0.3,0.93,0.94,0.78,0.9,0.64,0.9,822.0,142.0,67.0,142.0
user0888,G158,False,True,1,0.18,,-1.0,0.5,0.5,0.67,0.39,0.56,,,,753.0,125.0,30.0,125.0
user0909,G158,True,True,0,0.09,,27.0,0.0,0.0,0.33,0.56,0.5,0.27,,0.19780219780219782,549.0,67.0,21.0,64.0
user0892,G158,True,True,1,0.09,0.64,54.0,0.5,0.45,0.8,0.61,0.56,0.54,0.6043956043956045,0.4945054945054946,20118.0,1209.0,367.0,1046.0
user0953,G158,True,True,1,0.09,0.64,91.0,0.5,0.1,0.67,0.56,0.56,0.91,0.6043956043956045,0.9010989010989011,1422.0,74.0,37.0,25.0
user0884,G158,True,True,1,0.0,0.36,84.0,0.58,0.55,0.73,0.5,0.56,0.84,0.36,0.84,1553.0,238.0,32.0,1.0
user0920,G158,True,True,0,0.09,0.64,89.0,0.5,0.65,0.47,0.22,0.44,0.89,0.6043956043956045,0.8791208791208791,2685.0,267.0,31.0,266.0
user0930,G158,True,True,1,0.55,0.73,86.0,0.58,0.65,0.73,0.56,0.56,0.86,0.3999999999999999,0.6888888888888889,1056.0,103.0,22.0,91.0
user0954,G158,False,True,1,0.45,,-1.0,0.92,0.8,1.0,0.83,0.61,,,,3799.0,55.0,44.0,55.0
user0899,G158,True,True,0,0.27,0.91,90.0,0.83,0.75,0.93,0.83,0.56,0.9,0.8767123287671234,0.863013698630137,10630.0,626.0,81.0,626.0
user0918,G158,True,True,1,0.55,,96.0,0.83,0.75,0.93,0.72,0.72,0.96,,0.911111111111111,45.0,2.0,2.0,2.0
user0916,G158,True,True,0,0.0,0.73,86.0,0.5,0.25,0.6,0.72,0.83,0.86,0.73,0.86,451.0,86.0,12.0,86.0
user0942,G158,True,True,1,0.27,0.82,96.0,0.33,0.25,0.6,0.61,0.67,0.96,0.7534246575342465,0.9452054794520548,14238.0,645.0,103.0,534.0
user0896,G158,True,True,0,0.09,,87.0,0.83,0.9,0.87,0.89,0.83,0.87,,0.8571428571428571,3155.0,460.0,41.0,460.0
user0959,G158,False,True,1,0.45,,-1.0,0.58,0.75,0.93,0.78,0.67,,,,1632.0,88.0,32.0,88.0
user0883,G158,True,True,1,0.09,0.64,97.0,0.75,0.75,0.73,0.89,0.89,0.97,0.6043956043956045,0.967032967032967,3072.0,44.0,44.0,7.0
user0885,G158,True,True,1,0.27,0.45,70.0,0.58,0.3,0.67,0.78,0.67,0.7,0.2465753424657534,0.5890410958904109,783.0,93.0,13.0,93.0
user0902,G158,True,True,0,0.18,0.55,53.0,0.58,0.5,0.6,0.78,0.78,0.53,0.45121951219512196,0.4268292682926829,4905.0,624.0,101.0,624.0
user0912,G158,True,True,0,0.18,1.0,98.0,0.75,0.55,0.87,0.78,0.78,0.98,1.0,0.975609756097561,6209.0,602.0,97.0,602.0
user0914,G158,True,True,0,0.27,0.55,96.0,0.67,0.7,0.87,0.94,0.83,0.96,0.3835616438356165,0.9452054794520548,1295.0,187.0,16.0,106.0
user0900,G158,True,True,1,0.91,0.91,89.0,0.75,0.85,0.87,0.83,0.78,0.89,0.0,-0.2222222222222225,1275.0,260.0,38.0,256.0
